Start Date,End Date,Duration (hours),Max Temperature (C),Min Temperature (C),Mean Wind Speed (knot),Global Radiation (j/cm sq.),Relative Humidity (%),Max Temperarture Rarity,Min Temperature Rarity,Mean Wind Speed Rarity,Global Radiation Rarity,Relative Humidity Rarity
20/06/2015,21/06/2015,32.07,19.56,11.62,10.2,2087.2,78.2,1.139,1.476,3.015,0.764,2.452
22/06/2015,22/06/2015,12.05,17.64,7.86,7.42,2235,73.4,2.422,4.375,4.058,0.553,0.864
29/01/2016,30/01/2016,24.37,11.34,4.82,19.64,302.6,73.6,3.162,3.251,0.059,2.133,0.912
09/09/2016,10/09/2016,8.98,17.88,11.38,13.24,454.2,84.8,2.23,1.677,1.093,3.146,3.802
10/09/2016,11/09/2016,23.98,16.8,10.5,8.48,1168.4,76.2,3.088,2.388,4.714,3.771,1.623
11/09/2016,23/12/2016,2471.98,17.78,10.2,15.44,1038.6,80.8,2.284,2.624,0.416,4.275,3.871
17/03/2017,24/03/2017,163.72,11.28,3.46,16.66,317.2,87.4,3.101,2.365,0.259,2.267,2.334
31/05/2017,02/06/2017,47.98,18.14,6.8,8.94,1834.2,80.4,2.016,4.798,4.236,1.379,3.66
28/02/2018,30/03/2018,716.22,-0.12,-4.48,13.58,778.6,76,0.003,0.009,0.956,4.655,1.534
21/04/2018,23/04/2018,51.98,16.54,3.56,7.02,2068.4,73.8,3.3,2.424,3.572,0.809,0.964
29/07/2018,30/07/2018,25,18.46,9.96,6.72,1554.6,78,1.825,2.829,3.23,2.28,2.36
04/11/2018,05/11/2018,7,11.9,7.42,7.36,395.6,83,3.579,4.712,3.982,2.86,4.887
05/11/2018,06/11/2018,23.98,11.4,8.28,5.78,212.8,93,3.221,4.036,2.101,1.263,0.367
06/11/2018,07/11/2018,23.98,12.5,7.24,10.84,212.2,89,4.097,4.846,2.519,1.251,1.569
18/03/2020,21/03/2020,89.88,7.98,3.12,6.58,668.8,77.4,1.058,2.184,3.064,4.207,2.094
10/07/2020,10/07/2020,17.17,17,8.04,8.04,2115.6,75.4,2.91,4.24,4.815,0.725,1.341
02/01/2021,02/01/2021,10.67,5,-1.12,6.14,203.2,90,0.232,0.229,2.529,1.167,1.144
08/09/2021,09/09/2021,16,21.5,14.76,5.12,662,87.6,0.401,0.131,1.364,4.169,2.218
09/09/2021,10/09/2021,16,20.82,15.86,4.18,964.6,93,0.585,0.021,0.493,4.542,0.367
10/09/2021,10/09/2021,10,19.16,14.08,7.16,716.8,91.2,1.401,0.288,3.772,4.397,0.722
10/09/2021,10/09/2021,0.75,19.16,14.08,7.16,716.8,91.2,1.401,0.288,3.772,4.397,0.722
11/09/2021,11/09/2021,12,18.56,11.8,6.28,1076.6,82.2,1.752,1.371,2.732,4.113,4.654
12/09/2021,12/09/2021,9,15.3,10.06,4.1,614.2,86,4.148,2.763,0.419,3.967,3.095
13/09/2021,13/09/2021,13,17.66,9.72,5.68,569.2,91.2,2.404,3.012,1.998,3.734,0.722
14/09/2021,14/09/2021,15,19.62,14.08,4.52,972.2,88,1.096,0.288,0.772,4.519,2.032
15/09/2021,15/09/2021,15,18.1,11.52,4.52,697.4,87,2.05,1.564,0.772,4.34,2.561
16/09/2021,16/09/2021,5,18.68,10.12,8.54,655.6,87.2,1.671,2.692,4.649,4.141,2.449
17/09/2021,17/09/2021,2,18.66,11.48,6.66,952.2,85.2,1.684,1.608,3.156,4.599,3.56
17/09/2021,17/09/2021,0.75,18.66,11.48,6.66,952.2,85.2,1.684,1.608,3.156,4.599,3.56
17/09/2021,17/09/2021,0.75,18.66,11.48,6.66,952.2,85.2,1.684,1.608,3.156,4.599,3.56
17/09/2021,17/09/2021,7.75,18.66,11.48,6.66,952.2,85.2,1.684,1.608,3.156,4.599,3.56
17/09/2021,18/09/2021,1.75,18.66,11.48,6.66,952.2,85.2,1.684,1.608,3.156,4.599,3.56
18/09/2021,18/09/2021,0.75,17.54,8.82,5.24,981.2,85.4,2.49,3.664,1.491,4.459,3.449
18/09/2021,18/09/2021,12,17.54,8.82,5.24,981.2,85.4,2.49,3.664,1.491,4.459,3.449
18/09/2021,18/09/2021,1.75,17.54,8.82,5.24,981.2,85.4,2.49,3.664,1.491,4.459,3.449
19/09/2021,19/09/2021,1,17.68,9.4,6.84,1368.6,82,2.384,3.246,3.374,2.978,4.555
19/09/2021,19/09/2021,12,17.68,9.4,6.84,1368.6,82,2.384,3.246,3.374,2.978,4.555
19/09/2021,20/09/2021,0.75,17.68,9.4,6.84,1368.6,82,2.384,3.246,3.374,2.978,4.555
20/09/2021,21/09/2021,16,18.36,10.34,5.44,944.4,86.2,1.874,2.519,1.677,4.649,2.986
21/09/2021,21/09/2021,0.75,17.62,11.36,6.24,692.8,88.2,2.44,1.695,2.651,4.316,1.919
21/09/2021,21/09/2021,15,17.62,11.36,6.24,692.8,88.2,2.44,1.695,2.651,4.316,1.919
21/09/2021,22/09/2021,0.75,17.62,11.36,6.24,692.8,88.2,2.44,1.695,2.651,4.316,1.919
22/09/2021,22/09/2021,11,19.36,13.5,9.76,1035.2,80.4,1.235,0.469,3.44,4.295,3.66
22/09/2021,22/09/2021,0.75,19.36,13.5,9.76,1035.2,80.4,1.235,0.469,3.44,4.295,3.66
22/09/2021,22/09/2021,0.75,19.36,13.5,9.76,1035.2,80.4,1.235,0.469,3.44,4.295,3.66
23/09/2021,23/09/2021,0.75,18.14,11.84,8.08,1080,81.4,2.016,1.338,4.856,4.092,4.224
23/09/2021,23/09/2021,13,18.14,11.84,8.08,1080,81.4,2.016,1.338,4.856,4.092,4.224
23/09/2021,23/09/2021,0.75,18.14,11.84,8.08,1080,81.4,2.016,1.338,4.856,4.092,4.224
24/09/2021,24/09/2021,1,19.34,13.72,8.5,572,90.8,1.247,0.377,4.693,3.754,0.86
24/09/2021,24/09/2021,2.75,19.34,13.72,8.5,572,90.8,1.247,0.377,4.693,3.754,0.86
24/09/2021,24/09/2021,0.75,19.34,13.72,8.5,572,90.8,1.247,0.377,4.693,3.754,0.86
24/09/2021,24/09/2021,0.75,19.34,13.72,8.5,572,90.8,1.247,0.377,4.693,3.754,0.86
24/09/2021,24/09/2021,1.75,19.34,13.72,8.5,572,90.8,1.247,0.377,4.693,3.754,0.86
24/09/2021,25/09/2021,0.75,19.34,13.72,8.5,572,90.8,1.247,0.377,4.693,3.754,0.86
26/09/2021,26/09/2021,1,18.68,11.22,9.6,592.2,86.4,1.671,1.788,3.578,3.86,2.875
26/09/2021,26/09/2021,5.75,18.68,11.22,9.6,592.2,86.4,1.671,1.788,3.578,3.86,2.875
26/09/2021,27/09/2021,0.75,18.68,11.22,9.6,592.2,86.4,1.671,1.788,3.578,3.86,2.875
28/09/2021,28/09/2021,1,14.82,7.22,9.06,1038.4,76.8,4.395,4.867,4.097,4.279,1.853
28/09/2021,28/09/2021,7.75,14.82,7.22,9.06,1038.4,76.8,4.395,4.867,4.097,4.279,1.853
28/09/2021,28/09/2021,1.75,14.82,7.22,9.06,1038.4,76.8,4.395,4.867,4.097,4.279,1.853
28/09/2021,28/09/2021,1.75,14.82,7.22,9.06,1038.4,76.8,4.395,4.867,4.097,4.279,1.853
28/09/2021,28/09/2021,0.75,14.82,7.22,9.06,1038.4,76.8,4.395,4.867,4.097,4.279,1.853
04/10/2021,04/10/2021,1,13.9,7.3,7.16,764.6,85.4,4.921,4.813,3.772,4.596,3.449
04/10/2021,04/10/2021,12.75,13.9,7.3,7.16,764.6,85.4,4.921,4.813,3.772,4.596,3.449
04/10/2021,05/10/2021,0.75,13.9,7.3,7.16,764.6,85.4,4.921,4.813,3.772,4.596,3.449
05/10/2021,05/10/2021,1,14.6,7.28,9.6,1109.2,81.8,4.518,4.828,3.578,3.989,4.435
05/10/2021,05/10/2021,0.75,14.6,7.28,9.6,1109.2,81.8,4.518,4.828,3.578,3.989,4.435
05/10/2021,05/10/2021,1.75,14.6,7.28,9.6,1109.2,81.8,4.518,4.828,3.578,3.989,4.435
05/10/2021,05/10/2021,0.75,14.6,7.28,9.6,1109.2,81.8,4.518,4.828,3.578,3.989,4.435
05/10/2021,06/10/2021,0.75,14.6,7.28,9.6,1109.2,81.8,4.518,4.828,3.578,3.989,4.435
06/10/2021,06/10/2021,1,16.04,8.08,8.2,286.2,92,3.692,4.206,4.982,1.988,0.577
06/10/2021,06/10/2021,4.75,16.04,8.08,8.2,286.2,92,3.692,4.206,4.982,1.988,0.577
06/10/2021,06/10/2021,0.75,16.04,8.08,8.2,286.2,92,3.692,4.206,4.982,1.988,0.577
06/10/2021,06/10/2021,0.75,16.04,8.08,8.2,286.2,92,3.692,4.206,4.982,1.988,0.577
06/10/2021,06/10/2021,1.75,16.04,8.08,8.2,286.2,92,3.692,4.206,4.982,1.988,0.577
06/10/2021,06/10/2021,0.75,16.04,8.08,8.2,286.2,92,3.692,4.206,4.982,1.988,0.577
09/10/2021,09/10/2021,1,17.14,9.54,6.2,642.8,89.6,2.792,3.136,2.6,4.081,1.308
09/10/2021,09/10/2021,0.75,17.14,9.54,6.2,642.8,89.6,2.792,3.136,2.6,4.081,1.308
09/10/2021,09/10/2021,1.75,17.14,9.54,6.2,642.8,89.6,2.792,3.136,2.6,4.081,1.308
09/10/2021,09/10/2021,0.75,17.14,9.54,6.2,642.8,89.6,2.792,3.136,2.6,4.081,1.308
09/10/2021,09/10/2021,0.75,17.14,9.54,6.2,642.8,89.6,2.792,3.136,2.6,4.081,1.308
09/10/2021,09/10/2021,0.75,17.14,9.54,6.2,642.8,89.6,2.792,3.136,2.6,4.081,1.308
09/10/2021,09/10/2021,1.75,17.14,9.54,6.2,642.8,89.6,2.792,3.136,2.6,4.081,1.308
09/10/2021,09/10/2021,1.75,17.14,9.54,6.2,642.8,89.6,2.792,3.136,2.6,4.081,1.308
09/10/2021,09/10/2021,0.75,17.14,9.54,6.2,642.8,89.6,2.792,3.136,2.6,4.081,1.308
10/10/2021,10/10/2021,1,15.3,6.38,4.88,994.8,86.8,4.148,4.463,1.166,4.423,2.677
10/10/2021,10/10/2021,0.75,15.3,6.38,4.88,994.8,86.8,4.148,4.463,1.166,4.423,2.677
10/10/2021,10/10/2021,0.75,15.3,6.38,4.88,994.8,86.8,4.148,4.463,1.166,4.423,2.677
10/10/2021,10/10/2021,1,15.3,6.38,4.88,994.8,86.8,4.148,4.463,1.166,4.423,2.677
10/10/2021,10/10/2021,0.75,15.3,6.38,4.88,994.8,86.8,4.148,4.463,1.166,4.423,2.677
10/10/2021,10/10/2021,0.75,15.3,6.38,4.88,994.8,86.8,4.148,4.463,1.166,4.423,2.677
11/10/2021,11/10/2021,2,15.42,5.52,3.9,885.2,89,4.099,3.797,0.27,4.902,1.569
11/10/2021,11/10/2021,5.75,15.42,5.52,3.9,885.2,89,4.099,3.797,0.27,4.902,1.569
11/10/2021,11/10/2021,0.75,15.42,5.52,3.9,885.2,89,4.099,3.797,0.27,4.902,1.569
11/10/2021,11/10/2021,13.75,15.42,5.52,3.9,885.2,89,4.099,3.797,0.27,4.902,1.569
11/10/2021,12/10/2021,0.75,15.42,5.52,3.9,885.2,89,4.099,3.797,0.27,4.902,1.569
12/10/2021,12/10/2021,1.75,14.74,8.74,4.18,536.8,86.2,4.443,3.712,0.493,3.57,2.986
12/10/2021,12/10/2021,5.75,14.74,8.74,4.18,536.8,86.2,4.443,3.712,0.493,3.57,2.986
12/10/2021,12/10/2021,0.75,14.74,8.74,4.18,536.8,86.2,4.443,3.712,0.493,3.57,2.986
12/10/2021,12/10/2021,13.75,14.74,8.74,4.18,536.8,86.2,4.443,3.712,0.493,3.57,2.986
12/10/2021,13/10/2021,0.75,14.74,8.74,4.18,536.8,86.2,4.443,3.712,0.493,3.57,2.986
13/10/2021,13/10/2021,1.75,13.56,9.88,4.12,350.4,83.4,4.866,2.897,0.445,2.506,4.676
13/10/2021,13/10/2021,5.75,13.56,9.88,4.12,350.4,83.4,4.866,2.897,0.445,2.506,4.676
13/10/2021,13/10/2021,0.75,13.56,9.88,4.12,350.4,83.4,4.866,2.897,0.445,2.506,4.676
13/10/2021,13/10/2021,0.75,13.56,9.88,4.12,350.4,83.4,4.866,2.897,0.445,2.506,4.676
13/10/2021,13/10/2021,1.75,13.56,9.88,4.12,350.4,83.4,4.866,2.897,0.445,2.506,4.676
13/10/2021,13/10/2021,5.75,13.56,9.88,4.12,350.4,83.4,4.866,2.897,0.445,2.506,4.676
13/10/2021,13/10/2021,2.75,13.56,9.88,4.12,350.4,83.4,4.866,2.897,0.445,2.506,4.676
13/10/2021,14/10/2021,0.75,13.56,9.88,4.12,350.4,83.4,4.866,2.897,0.445,2.506,4.676
14/10/2021,14/10/2021,1.75,15.16,10.76,7.02,429.2,82.6,4.211,2.152,3.572,3.026,4.884
14/10/2021,14/10/2021,5.75,15.16,10.76,7.02,429.2,82.6,4.211,2.152,3.572,3.026,4.884
14/10/2021,14/10/2021,9.75,15.16,10.76,7.02,429.2,82.6,4.211,2.152,3.572,3.026,4.884
14/10/2021,14/10/2021,0.75,15.16,10.76,7.02,429.2,82.6,4.211,2.152,3.572,3.026,4.884
14/10/2021,14/10/2021,1.75,15.16,10.76,7.02,429.2,82.6,4.211,2.152,3.572,3.026,4.884
14/10/2021,14/10/2021,1.75,15.16,10.76,7.02,429.2,82.6,4.211,2.152,3.572,3.026,4.884
14/10/2021,15/10/2021,0.75,15.16,10.76,7.02,429.2,82.6,4.211,2.152,3.572,3.026,4.884
15/10/2021,15/10/2021,1.75,13.02,7.04,4.22,617,86.6,4.501,4.996,0.537,3.977,2.78
15/10/2021,15/10/2021,5.75,13.02,7.04,4.22,617,86.6,4.501,4.996,0.537,3.977,2.78
15/10/2021,15/10/2021,0.75,13.02,7.04,4.22,617,86.6,4.501,4.996,0.537,3.977,2.78
15/10/2021,15/10/2021,0.75,13.02,7.04,4.22,617,86.6,4.501,4.996,0.537,3.977,2.78
15/10/2021,15/10/2021,11.75,13.02,7.04,4.22,617,86.6,4.501,4.996,0.537,3.977,2.78
16/10/2021,16/10/2021,2,14.94,9.1,7.68,327.2,89.8,4.329,3.485,4.36,2.36,1.232
16/10/2021,16/10/2021,5.75,14.94,9.1,7.68,327.2,89.8,4.329,3.485,4.36,2.36,1.232
16/10/2021,16/10/2021,14.75,14.94,9.1,7.68,327.2,89.8,4.329,3.485,4.36,2.36,1.232
16/10/2021,17/10/2021,0.75,14.94,9.1,7.68,327.2,89.8,4.329,3.485,4.36,2.36,1.232
17/10/2021,17/10/2021,1.75,16.76,13,7.48,570,90.4,3.148,0.674,4.117,3.74,0.985
17/10/2021,17/10/2021,5.75,16.76,13,7.48,570,90.4,3.148,0.674,4.117,3.74,0.985
17/10/2021,17/10/2021,4.75,16.76,13,7.48,570,90.4,3.148,0.674,4.117,3.74,0.985
17/10/2021,17/10/2021,0.75,16.76,13,7.48,570,90.4,3.148,0.674,4.117,3.74,0.985
17/10/2021,17/10/2021,3.75,16.76,13,7.48,570,90.4,3.148,0.674,4.117,3.74,0.985
17/10/2021,17/10/2021,3.75,16.76,13,7.48,570,90.4,3.148,0.674,4.117,3.74,0.985
17/10/2021,17/10/2021,0.75,16.76,13,7.48,570,90.4,3.148,0.674,4.117,3.74,0.985
17/10/2021,18/10/2021,0.75,16.76,13,7.48,570,90.4,3.148,0.674,4.117,3.74,0.985
18/10/2021,18/10/2021,1.75,18.34,13.86,9.88,481.6,89.4,1.881,0.339,3.319,3.27,1.371
18/10/2021,18/10/2021,5.75,18.34,13.86,9.88,481.6,89.4,1.881,0.339,3.319,3.27,1.371
18/10/2021,18/10/2021,9.75,18.34,13.86,9.88,481.6,89.4,1.881,0.339,3.319,3.27,1.371
18/10/2021,18/10/2021,0.75,18.34,13.86,9.88,481.6,89.4,1.881,0.339,3.319,3.27,1.371
18/10/2021,18/10/2021,2.75,18.34,13.86,9.88,481.6,89.4,1.881,0.339,3.319,3.27,1.371
18/10/2021,18/10/2021,0.75,18.34,13.86,9.88,481.6,89.4,1.881,0.339,3.319,3.27,1.371
18/10/2021,19/10/2021,0.75,18.34,13.86,9.88,481.6,89.4,1.881,0.339,3.319,3.27,1.371
19/10/2021,19/10/2021,1.75,18.08,10.18,10.4,436.2,88,2.076,2.642,2.844,3.052,2.032
19/10/2021,19/10/2021,5.75,18.08,10.18,10.4,436.2,88,2.076,2.642,2.844,3.052,2.032
19/10/2021,19/10/2021,14.75,18.08,10.18,10.4,436.2,88,2.076,2.642,2.844,3.052,2.032
19/10/2021,20/10/2021,0.75,18.08,10.18,10.4,436.2,88,2.076,2.642,2.844,3.052,2.032
20/10/2021,20/10/2021,1.75,12.68,7.36,7.3,662.4,81.6,4.24,4.76,3.908,4.177,4.322
20/10/2021,20/10/2021,5.75,12.68,7.36,7.3,662.4,81.6,4.24,4.76,3.908,4.177,4.322
20/10/2021,20/10/2021,0.75,12.68,7.36,7.3,662.4,81.6,4.24,4.76,3.908,4.177,4.322
20/10/2021,20/10/2021,2.75,12.68,7.36,7.3,662.4,81.6,4.24,4.76,3.908,4.177,4.322
20/10/2021,20/10/2021,0.75,12.68,7.36,7.3,662.4,81.6,4.24,4.76,3.908,4.177,4.322
20/10/2021,20/10/2021,1.75,12.68,7.36,7.3,662.4,81.6,4.24,4.76,3.908,4.177,4.322
20/10/2021,20/10/2021,7.75,12.68,7.36,7.3,662.4,81.6,4.24,4.76,3.908,4.177,4.322
20/10/2021,21/10/2021,0.75,12.68,7.36,7.3,662.4,81.6,4.24,4.76,3.908,4.177,4.322
21/10/2021,21/10/2021,1.75,11.6,4.74,8.84,878.6,76.2,3.372,3.191,4.356,4.92,1.623
21/10/2021,21/10/2021,5.75,11.6,4.74,8.84,878.6,76.2,3.372,3.191,4.356,4.92,1.623
21/10/2021,21/10/2021,13.75,11.6,4.74,8.84,878.6,76.2,3.372,3.191,4.356,4.92,1.623
21/10/2021,21/10/2021,0.75,11.6,4.74,8.84,878.6,76.2,3.372,3.191,4.356,4.92,1.623
21/10/2021,22/10/2021,0.75,11.6,4.74,8.84,878.6,76.2,3.372,3.191,4.356,4.92,1.623
17/05/2022,20/05/2022,65.6,15.8,9.9,10.62,986,82.8,3.864,2.879,2.653,4.452,4.997
28/05/2022,31/05/2022,64.53,18.04,5.38,4.76,2655.4,72.8,2.107,3.708,1.028,0.143,0.75
09/08/2022,11/08/2022,54.48,24.24,10.76,3.78,2444.4,71,0.095,2.152,0.205,0.306,0.477
14/10/2022,16/10/2022,46,14.28,7.16,7.66,821.4,82,4.714,4.921,4.334,4.857,4.555
14/10/2022,17/10/2022,64,14.28,7.16,7.66,821.4,82,4.714,4.921,4.334,4.857,4.555
14/10/2022,17/10/2022,62.75,14.28,7.16,7.66,821.4,82,4.714,4.921,4.334,4.857,4.555
17/10/2022,17/10/2022,0.75,14.96,6.44,13.3,893.6,75,4.315,4.506,1.065,4.86,1.23
17/10/2022,17/10/2022,1,14.96,6.44,13.3,893.6,75,4.315,4.506,1.065,4.86,1.23
17/10/2022,17/10/2022,5.75,14.96,6.44,13.3,893.6,75,4.315,4.506,1.065,4.86,1.23
17/10/2022,18/10/2022,0.75,14.96,6.44,13.3,893.6,75,4.315,4.506,1.065,4.86,1.23
20/10/2022,20/10/2022,1,16.6,11.52,8.18,639,89.6,3.269,1.564,4.957,4.068,1.308
20/10/2022,20/10/2022,1.75,16.6,11.52,8.18,639,89.6,3.269,1.564,4.957,4.068,1.308
20/10/2022,20/10/2022,0.75,16.6,11.52,8.18,639,89.6,3.269,1.564,4.957,4.068,1.308
23/10/2022,23/10/2022,1,16.28,9.9,5.1,482.8,92,3.544,2.879,1.335,3.282,0.577
23/10/2022,23/10/2022,0.75,16.28,9.9,5.1,482.8,92,3.544,2.879,1.335,3.282,0.577
23/10/2022,23/10/2022,0.75,16.28,9.9,5.1,482.8,92,3.544,2.879,1.335,3.282,0.577
23/10/2022,23/10/2022,1.75,16.28,9.9,5.1,482.8,92,3.544,2.879,1.335,3.282,0.577
23/10/2022,23/10/2022,0.75,16.28,9.9,5.1,482.8,92,3.544,2.879,1.335,3.282,0.577
23/10/2022,23/10/2022,0.75,16.28,9.9,5.1,482.8,92,3.544,2.879,1.335,3.282,0.577
23/10/2022,23/10/2022,1.75,16.28,9.9,5.1,482.8,92,3.544,2.879,1.335,3.282,0.577
23/10/2022,23/10/2022,0.75,16.28,9.9,5.1,482.8,92,3.544,2.879,1.335,3.282,0.577
23/10/2022,23/10/2022,0.75,16.28,9.9,5.1,482.8,92,3.544,2.879,1.335,3.282,0.577
24/10/2022,24/10/2022,2,15.14,9.26,7.66,600.8,88.8,4.226,3.372,4.334,3.91,1.649
24/10/2022,24/10/2022,0.75,15.14,9.26,7.66,600.8,88.8,4.226,3.372,4.334,3.91,1.649
24/10/2022,24/10/2022,1,15.14,9.26,7.66,600.8,88.8,4.226,3.372,4.334,3.91,1.649
24/10/2022,24/10/2022,0.75,15.14,9.26,7.66,600.8,88.8,4.226,3.372,4.334,3.91,1.649
24/10/2022,24/10/2022,0.75,15.14,9.26,7.66,600.8,88.8,4.226,3.372,4.334,3.91,1.649
28/10/2022,28/10/2022,3,15.98,9.96,11.2,616.8,84.8,3.725,2.829,2.254,3.974,3.802
28/10/2022,28/10/2022,1,15.98,9.96,11.2,616.8,84.8,3.725,2.829,2.254,3.974,3.802
31/10/2022,31/10/2022,1,14.52,8.66,8.84,170.6,88.2,4.567,3.789,4.356,0.82,1.919
31/10/2022,31/10/2022,1.75,14.52,8.66,8.84,170.6,88.2,4.567,3.789,4.356,0.82,1.919
31/10/2022,31/10/2022,0.75,14.52,8.66,8.84,170.6,88.2,4.567,3.789,4.356,0.82,1.919
31/10/2022,31/10/2022,3.75,14.52,8.66,8.84,170.6,88.2,4.567,3.789,4.356,0.82,1.919
31/10/2022,31/10/2022,0.75,14.52,8.66,8.84,170.6,88.2,4.567,3.789,4.356,0.82,1.919
31/10/2022,01/11/2022,0.75,14.52,8.66,8.84,170.6,88.2,4.567,3.789,4.356,0.82,1.919
03/11/2022,03/11/2022,1,11.14,4.94,7.42,427.2,82.6,3.002,3.34,4.058,3.017,4.884
03/11/2022,03/11/2022,0.75,11.14,4.94,7.42,427.2,82.6,3.002,3.34,4.058,3.017,4.884
03/11/2022,03/11/2022,0.75,11.14,4.94,7.42,427.2,82.6,3.002,3.34,4.058,3.017,4.884
11/11/2022,11/11/2022,3,15.86,12.4,15.38,180.4,87.4,3.817,1.01,0.437,0.921,2.334
11/11/2022,11/11/2022,0.75,15.86,12.4,15.38,180.4,87.4,3.817,1.01,0.437,0.921,2.334
11/11/2022,11/11/2022,0.75,15.86,12.4,15.38,180.4,87.4,3.817,1.01,0.437,0.921,2.334
13/11/2022,13/11/2022,1,15.54,10.56,11.32,259.2,87,4.01,2.321,2.165,1.717,2.561
13/11/2022,13/11/2022,0.75,15.54,10.56,11.32,259.2,87,4.01,2.321,2.165,1.717,2.561
13/11/2022,13/11/2022,0.75,15.54,10.56,11.32,259.2,87,4.01,2.321,2.165,1.717,2.561
14/11/2022,14/11/2022,1,12.24,8.5,10.9,441,85.2,3.91,3.876,2.453,3.079,3.56
14/11/2022,14/11/2022,0.75,12.24,8.5,10.9,441,85.2,3.91,3.876,2.453,3.079,3.56
14/11/2022,14/11/2022,1.75,12.24,8.5,10.9,441,85.2,3.91,3.876,2.453,3.079,3.56
14/11/2022,14/11/2022,0.75,12.24,8.5,10.9,441,85.2,3.91,3.876,2.453,3.079,3.56
14/11/2022,14/11/2022,0.75,12.24,8.5,10.9,441,85.2,3.91,3.876,2.453,3.079,3.56
15/11/2022,15/11/2022,0.75,11.54,4.76,7.76,455.8,83.2,3.317,3.213,4.476,3.163,4.785
15/11/2022,15/11/2022,0.75,11.54,4.76,7.76,455.8,83.2,3.317,3.213,4.476,3.163,4.785
15/11/2022,15/11/2022,1,11.54,4.76,7.76,455.8,83.2,3.317,3.213,4.476,3.163,4.785
15/11/2022,15/11/2022,0.75,11.54,4.76,7.76,455.8,83.2,3.317,3.213,4.476,3.163,4.785
15/11/2022,15/11/2022,1.75,11.54,4.76,7.76,455.8,83.2,3.317,3.213,4.476,3.163,4.785
15/11/2022,15/11/2022,0.75,11.54,4.76,7.76,455.8,83.2,3.317,3.213,4.476,3.163,4.785
15/11/2022,15/11/2022,0.75,11.54,4.76,7.76,455.8,83.2,3.317,3.213,4.476,3.163,4.785
16/11/2022,16/11/2022,1,10.38,1.42,4.08,443.6,89.8,2.496,1.188,0.406,3.092,1.232
16/11/2022,16/11/2022,1.75,10.38,1.42,4.08,443.6,89.8,2.496,1.188,0.406,3.092,1.232
16/11/2022,16/11/2022,1.75,10.38,1.42,4.08,443.6,89.8,2.496,1.188,0.406,3.092,1.232
16/11/2022,16/11/2022,0.75,10.38,1.42,4.08,443.6,89.8,2.496,1.188,0.406,3.092,1.232
16/11/2022,16/11/2022,0.75,10.38,1.42,4.08,443.6,89.8,2.496,1.188,0.406,3.092,1.232
16/11/2022,16/11/2022,0.75,10.38,1.42,4.08,443.6,89.8,2.496,1.188,0.406,3.092,1.232
16/11/2022,16/11/2022,5.75,10.38,1.42,4.08,443.6,89.8,2.496,1.188,0.406,3.092,1.232
16/11/2022,16/11/2022,0.75,10.38,1.42,4.08,443.6,89.8,2.496,1.188,0.406,3.092,1.232
16/11/2022,17/11/2022,0.75,10.38,1.42,4.08,443.6,89.8,2.496,1.188,0.406,3.092,1.232
17/11/2022,17/11/2022,1,8.28,2.04,5.84,368,95.2,1.205,1.532,2.185,2.625,0.059
17/11/2022,17/11/2022,0.75,8.28,2.04,5.84,368,95.2,1.205,1.532,2.185,2.625,0.059
17/11/2022,17/11/2022,0.75,8.28,2.04,5.84,368,95.2,1.205,1.532,2.185,2.625,0.059
17/11/2022,17/11/2022,0.75,8.28,2.04,5.84,368,95.2,1.205,1.532,2.185,2.625,0.059
17/11/2022,17/11/2022,1.75,8.28,2.04,5.84,368,95.2,1.205,1.532,2.185,2.625,0.059
17/11/2022,17/11/2022,0.75,8.28,2.04,5.84,368,95.2,1.205,1.532,2.185,2.625,0.059
17/11/2022,17/11/2022,1,8.28,2.04,5.84,368,95.2,1.205,1.532,2.185,2.625,0.059
18/11/2022,18/11/2022,1,9.8,2.34,8.28,454.6,84.4,2.084,1.717,4.924,3.151,4.063
18/11/2022,18/11/2022,0.75,9.8,2.34,8.28,454.6,84.4,2.084,1.717,4.924,3.151,4.063
18/11/2022,18/11/2022,1.75,9.8,2.34,8.28,454.6,84.4,2.084,1.717,4.924,3.151,4.063
18/11/2022,18/11/2022,0.75,9.8,2.34,8.28,454.6,84.4,2.084,1.717,4.924,3.151,4.063
18/11/2022,18/11/2022,0.75,9.8,2.34,8.28,454.6,84.4,2.084,1.717,4.924,3.151,4.063
18/11/2022,18/11/2022,0.75,9.8,2.34,8.28,454.6,84.4,2.084,1.717,4.924,3.151,4.063
22/11/2022,22/11/2022,1,8.06,2.6,6.16,197.2,92,1.107,1.859,2.559,1.12,0.577
22/11/2022,22/11/2022,1.75,8.06,2.6,6.16,197.2,92,1.107,1.859,2.559,1.12,0.577
22/11/2022,22/11/2022,1.75,8.06,2.6,6.16,197.2,92,1.107,1.859,2.559,1.12,0.577
22/11/2022,22/11/2022,0.75,8.06,2.6,6.16,197.2,92,1.107,1.859,2.559,1.12,0.577
22/11/2022,22/11/2022,0.75,8.06,2.6,6.16,197.2,92,1.107,1.859,2.559,1.12,0.577
22/11/2022,22/11/2022,3.75,8.06,2.6,6.16,197.2,92,1.107,1.859,2.559,1.12,0.577
22/11/2022,22/11/2022,0.75,8.06,2.6,6.16,197.2,92,1.107,1.859,2.559,1.12,0.577
29/11/2022,29/11/2022,1,9.1,4.9,5.34,208.8,87.2,1.624,3.309,1.593,1.227,2.449
29/11/2022,29/11/2022,0.75,9.1,4.9,5.34,208.8,87.2,1.624,3.309,1.593,1.227,2.449
29/11/2022,29/11/2022,0.75,9.1,4.9,5.34,208.8,87.2,1.624,3.309,1.593,1.227,2.449
29/11/2022,29/11/2022,0.75,9.1,4.9,5.34,208.8,87.2,1.624,3.309,1.593,1.227,2.449
29/11/2022,29/11/2022,0.75,9.1,4.9,5.34,208.8,87.2,1.624,3.309,1.593,1.227,2.449
30/11/2022,30/11/2022,2,11.06,6.44,7.26,123.2,91,2.938,4.506,3.858,0.357,0.772
02/12/2022,02/12/2022,1,9.82,4.58,4.52,178.4,86.4,2.097,3.066,0.772,0.901,2.875
02/12/2022,02/12/2022,1.75,9.82,4.58,4.52,178.4,86.4,2.097,3.066,0.772,0.901,2.875
02/12/2022,02/12/2022,0.75,9.82,4.58,4.52,178.4,86.4,2.097,3.066,0.772,0.901,2.875
02/12/2022,02/12/2022,0.75,9.82,4.58,4.52,178.4,86.4,2.097,3.066,0.772,0.901,2.875
02/12/2022,02/12/2022,0.75,9.82,4.58,4.52,178.4,86.4,2.097,3.066,0.772,0.901,2.875
02/12/2022,02/12/2022,1.75,9.82,4.58,4.52,178.4,86.4,2.097,3.066,0.772,0.901,2.875
02/12/2022,02/12/2022,0.75,9.82,4.58,4.52,178.4,86.4,2.097,3.066,0.772,0.901,2.875
03/12/2022,03/12/2022,1,8.24,3.4,4.04,163.2,87.4,1.173,2.345,0.368,0.728,2.334
03/12/2022,03/12/2022,0.75,8.24,3.4,4.04,163.2,87.4,1.173,2.345,0.368,0.728,2.334
06/12/2022,06/12/2022,1,6.1,0.6,6.86,305.6,85.8,0.437,0.772,3.402,2.166,3.217
06/12/2022,06/12/2022,0.75,6.1,0.6,6.86,305.6,85.8,0.437,0.772,3.402,2.166,3.217
06/12/2022,06/12/2022,0.75,6.1,0.6,6.86,305.6,85.8,0.437,0.772,3.402,2.166,3.217
06/12/2022,06/12/2022,0.75,6.1,0.6,6.86,305.6,85.8,0.437,0.772,3.402,2.166,3.217
06/12/2022,06/12/2022,0.75,6.1,0.6,6.86,305.6,85.8,0.437,0.772,3.402,2.166,3.217
07/12/2022,07/12/2022,1,4.82,-0.86,4.78,321.8,88.6,0.196,0.282,1.058,2.304,1.733
07/12/2022,07/12/2022,3.75,4.82,-0.86,4.78,321.8,88.6,0.196,0.282,1.058,2.304,1.733
07/12/2022,07/12/2022,1.75,4.82,-0.86,4.78,321.8,88.6,0.196,0.282,1.058,2.304,1.733
07/12/2022,07/12/2022,0.75,4.82,-0.86,4.78,321.8,88.6,0.196,0.282,1.058,2.304,1.733
07/12/2022,07/12/2022,4.75,4.82,-0.86,4.78,321.8,88.6,0.196,0.282,1.058,2.304,1.733
07/12/2022,07/12/2022,0.75,4.82,-0.86,4.78,321.8,88.6,0.196,0.282,1.058,2.304,1.733
09/12/2022,09/12/2022,1,2,-3.54,4.14,291.4,93.2,0.015,0.03,0.46,2.042,0.308
09/12/2022,09/12/2022,12.75,2,-3.54,4.14,291.4,93.2,0.015,0.03,0.46,2.042,0.308
09/12/2022,09/12/2022,0.75,2,-3.54,4.14,291.4,93.2,0.015,0.03,0.46,2.042,0.308
10/12/2022,10/12/2022,1,3,-2.86,4.6,256,93.6,0.054,0.048,0.855,1.671,0.243
10/12/2022,10/12/2022,2.75,3,-2.86,4.6,256,93.6,0.054,0.048,0.855,1.671,0.243
10/12/2022,10/12/2022,0.75,3,-2.86,4.6,256,93.6,0.054,0.048,0.855,1.671,0.243
10/12/2022,10/12/2022,0.75,3,-2.86,4.6,256,93.6,0.054,0.048,0.855,1.671,0.243
10/12/2022,10/12/2022,0.75,3,-2.86,4.6,256,93.6,0.054,0.048,0.855,1.671,0.243
10/12/2022,10/12/2022,0.75,3,-2.86,4.6,256,93.6,0.054,0.048,0.855,1.671,0.243
10/12/2022,10/12/2022,0.75,3,-2.86,4.6,256,93.6,0.054,0.048,0.855,1.671,0.243
10/12/2022,10/12/2022,0.75,3,-2.86,4.6,256,93.6,0.054,0.048,0.855,1.671,0.243
11/12/2022,11/12/2022,0.75,2.46,-2.02,4.5,272,92.6,0.033,0.152,0.751,1.831,0.436
11/12/2022,11/12/2022,0.75,2.46,-2.02,4.5,272,92.6,0.033,0.152,0.751,1.831,0.436
11/12/2022,11/12/2022,1.75,2.46,-2.02,4.5,272,92.6,0.033,0.152,0.751,1.831,0.436
11/12/2022,11/12/2022,0.75,2.46,-2.02,4.5,272,92.6,0.033,0.152,0.751,1.831,0.436
11/12/2022,11/12/2022,0.75,2.46,-2.02,4.5,272,92.6,0.033,0.152,0.751,1.831,0.436
12/12/2022,12/12/2022,1,0.92,-3.74,4.02,204,95,0.009,0.027,0.345,1.177,0.08
12/12/2022,12/12/2022,1.75,0.92,-3.74,4.02,204,95,0.009,0.027,0.345,1.177,0.08
12/12/2022,12/12/2022,0.75,0.92,-3.74,4.02,204,95,0.009,0.027,0.345,1.177,0.08
12/12/2022,12/12/2022,0.75,0.92,-3.74,4.02,204,95,0.009,0.027,0.345,1.177,0.08
12/12/2022,12/12/2022,2.75,0.92,-3.74,4.02,204,95,0.009,0.027,0.345,1.177,0.08
12/12/2022,12/12/2022,0.75,0.92,-3.74,4.02,204,95,0.009,0.027,0.345,1.177,0.08
13/12/2022,13/12/2022,1,1.76,-2.62,6.82,127.2,89.2,0.012,0.068,3.347,0.386,1.466
13/12/2022,13/12/2022,1,1.76,-2.62,6.82,127.2,89.2,0.012,0.068,3.347,0.386,1.466
13/12/2022,13/12/2022,0.75,1.76,-2.62,6.82,127.2,89.2,0.012,0.068,3.347,0.386,1.466
15/12/2022,15/12/2022,1,2.86,-4.4,4.58,348.4,89.6,0.048,0.012,0.841,2.488,1.308
15/12/2022,15/12/2022,0.75,2.86,-4.4,4.58,348.4,89.6,0.048,0.012,0.841,2.488,1.308
15/12/2022,15/12/2022,0.75,2.86,-4.4,4.58,348.4,89.6,0.048,0.012,0.841,2.488,1.308
15/12/2022,15/12/2022,0.75,2.86,-4.4,4.58,348.4,89.6,0.048,0.012,0.841,2.488,1.308
15/12/2022,15/12/2022,0.75,2.86,-4.4,4.58,348.4,89.6,0.048,0.012,0.841,2.488,1.308
15/12/2022,15/12/2022,7.75,2.86,-4.4,4.58,348.4,89.6,0.048,0.012,0.841,2.488,1.308
15/12/2022,15/12/2022,0.75,2.86,-4.4,4.58,348.4,89.6,0.048,0.012,0.841,2.488,1.308
16/12/2022,16/12/2022,1,2.48,-4.12,6.26,248.2,87.8,0.036,0.018,2.69,1.599,2.132
16/12/2022,16/12/2022,1.75,2.48,-4.12,6.26,248.2,87.8,0.036,0.018,2.69,1.599,2.132
16/12/2022,16/12/2022,0.75,2.48,-4.12,6.26,248.2,87.8,0.036,0.018,2.69,1.599,2.132
16/12/2022,16/12/2022,0.75,2.48,-4.12,6.26,248.2,87.8,0.036,0.018,2.69,1.599,2.132
16/12/2022,16/12/2022,1,2.48,-4.12,6.26,248.2,87.8,0.036,0.018,2.69,1.599,2.132
17/12/2022,17/12/2022,1,6.24,0.48,6,282.4,88.6,0.473,0.707,2.373,1.956,1.733
17/12/2022,17/12/2022,0.75,6.24,0.48,6,282.4,88.6,0.473,0.707,2.373,1.956,1.733
17/12/2022,17/12/2022,0.75,6.24,0.48,6,282.4,88.6,0.473,0.707,2.373,1.956,1.733
17/12/2022,17/12/2022,0.75,6.24,0.48,6,282.4,88.6,0.473,0.707,2.373,1.956,1.733
22/12/2022,22/12/2022,1,7.58,1.32,3.66,211.6,94,0.885,1.128,0.166,1.248,0.181
22/12/2022,22/12/2022,0.75,7.58,1.32,3.66,211.6,94,0.885,1.128,0.166,1.248,0.181
22/12/2022,22/12/2022,0.75,7.58,1.32,3.66,211.6,94,0.885,1.128,0.166,1.248,0.181
22/12/2022,22/12/2022,0.75,7.58,1.32,3.66,211.6,94,0.885,1.128,0.166,1.248,0.181
22/12/2022,22/12/2022,2.75,7.58,1.32,3.66,211.6,94,0.885,1.128,0.166,1.248,0.181
22/12/2022,22/12/2022,0.75,7.58,1.32,3.66,211.6,94,0.885,1.128,0.166,1.248,0.181
22/12/2022,22/12/2022,3.75,7.58,1.32,3.66,211.6,94,0.885,1.128,0.166,1.248,0.181
22/12/2022,22/12/2022,0.75,7.58,1.32,3.66,211.6,94,0.885,1.128,0.166,1.248,0.181
22/12/2022,22/12/2022,0.75,7.58,1.32,3.66,211.6,94,0.885,1.128,0.166,1.248,0.181
22/12/2022,22/12/2022,0.75,7.58,1.32,3.66,211.6,94,0.885,1.128,0.166,1.248,0.181
22/12/2022,23/12/2022,0.75,7.58,1.32,3.66,211.6,94,0.885,1.128,0.166,1.248,0.181
16/01/2023,16/01/2023,1,3.3,-2.1,4.74,376.6,86.2,0.068,0.143,0.997,2.711,2.986
16/01/2023,16/01/2023,0.75,3.3,-2.1,4.74,376.6,86.2,0.068,0.143,0.997,2.711,2.986
16/01/2023,16/01/2023,1,3.3,-2.1,4.74,376.6,86.2,0.068,0.143,0.997,2.711,2.986
16/01/2023,16/01/2023,0.75,3.3,-2.1,4.74,376.6,86.2,0.068,0.143,0.997,2.711,2.986
16/01/2023,16/01/2023,1.75,3.3,-2.1,4.74,376.6,86.2,0.068,0.143,0.997,2.711,2.986
16/01/2023,16/01/2023,0.75,3.3,-2.1,4.74,376.6,86.2,0.068,0.143,0.997,2.711,2.986
16/01/2023,16/01/2023,0.75,3.3,-2.1,4.74,376.6,86.2,0.068,0.143,0.997,2.711,2.986
17/01/2023,17/01/2023,1,3.36,-4.06,7.16,386.6,86,0.074,0.021,3.772,2.791,3.095
17/01/2023,17/01/2023,2.75,3.36,-4.06,7.16,386.6,86,0.074,0.021,3.772,2.791,3.095
17/01/2023,17/01/2023,0.75,3.36,-4.06,7.16,386.6,86,0.074,0.021,3.772,2.791,3.095
17/01/2023,17/01/2023,0.75,3.36,-4.06,7.16,386.6,86,0.074,0.021,3.772,2.791,3.095
19/01/2023,19/01/2023,1,5.4,-1.42,4.08,453,89.4,0.303,0.202,0.406,3.136,1.371
19/01/2023,19/01/2023,0.75,5.4,-1.42,4.08,453,89.4,0.303,0.202,0.406,3.136,1.371
19/01/2023,19/01/2023,0.75,5.4,-1.42,4.08,453,89.4,0.303,0.202,0.406,3.136,1.371
19/01/2023,19/01/2023,0.75,5.4,-1.42,4.08,453,89.4,0.303,0.202,0.406,3.136,1.371
19/01/2023,19/01/2023,0.75,5.4,-1.42,4.08,453,89.4,0.303,0.202,0.406,3.136,1.371
19/01/2023,19/01/2023,1,5.4,-1.42,4.08,453,89.4,0.303,0.202,0.406,3.136,1.371
19/01/2023,19/01/2023,0.75,5.4,-1.42,4.08,453,89.4,0.303,0.202,0.406,3.136,1.371
19/01/2023,19/01/2023,1.75,5.4,-1.42,4.08,453,89.4,0.303,0.202,0.406,3.136,1.371
19/01/2023,19/01/2023,0.75,5.4,-1.42,4.08,453,89.4,0.303,0.202,0.406,3.136,1.371
19/01/2023,19/01/2023,0.75,5.4,-1.42,4.08,453,89.4,0.303,0.202,0.406,3.136,1.371
22/01/2023,22/01/2023,1,10.5,8,7.4,196.2,93.4,2.591,4.269,4.034,1.111,0.273
22/01/2023,22/01/2023,0.75,10.5,8,7.4,196.2,93.4,2.591,4.269,4.034,1.111,0.273
22/01/2023,22/01/2023,0.75,10.5,8,7.4,196.2,93.4,2.591,4.269,4.034,1.111,0.273
23/01/2023,23/01/2023,1,10.18,7.66,4.6,176.4,95.8,2.352,4.534,0.855,0.874,0.03
23/01/2023,23/01/2023,0.75,10.18,7.66,4.6,176.4,95.8,2.352,4.534,0.855,0.874,0.03
23/01/2023,23/01/2023,0.75,10.18,7.66,4.6,176.4,95.8,2.352,4.534,0.855,0.874,0.03
26/01/2023,26/01/2023,2,8.06,3.2,5.64,295,79,1.107,2.252,1.931,2.072,2.845
27/01/2023,27/01/2023,1,7.38,1.26,4.3,380.8,82.2,0.784,1.089,0.588,2.744,4.654
27/01/2023,27/01/2023,0.75,7.38,1.26,4.3,380.8,82.2,0.784,1.089,0.588,2.744,4.654
27/01/2023,27/01/2023,0.75,7.38,1.26,4.3,380.8,82.2,0.784,1.089,0.588,2.744,4.654
27/01/2023,27/01/2023,0.75,7.38,1.26,4.3,380.8,82.2,0.784,1.089,0.588,2.744,4.654
27/01/2023,27/01/2023,0.75,7.38,1.26,4.3,380.8,82.2,0.784,1.089,0.588,2.744,4.654
27/01/2023,27/01/2023,0.75,7.38,1.26,4.3,380.8,82.2,0.784,1.089,0.588,2.744,4.654
27/01/2023,27/01/2023,1,7.38,1.26,4.3,380.8,82.2,0.784,1.089,0.588,2.744,4.654
27/01/2023,27/01/2023,0.75,7.38,1.26,4.3,380.8,82.2,0.784,1.089,0.588,2.744,4.654
27/01/2023,27/01/2023,0.75,7.38,1.26,4.3,380.8,82.2,0.784,1.089,0.588,2.744,4.654
27/01/2023,27/01/2023,0.75,7.38,1.26,4.3,380.8,82.2,0.784,1.089,0.588,2.744,4.654
07/02/2023,07/02/2023,1,9.7,3.88,4.96,393,88.4,1.998,2.606,1.222,2.841,1.809
07/02/2023,07/02/2023,0.75,9.7,3.88,4.96,393,88.4,1.998,2.606,1.222,2.841,1.809
07/02/2023,07/02/2023,0.75,9.7,3.88,4.96,393,88.4,1.998,2.606,1.222,2.841,1.809
07/02/2023,07/02/2023,0.75,9.7,3.88,4.96,393,88.4,1.998,2.606,1.222,2.841,1.809
07/02/2023,07/02/2023,0.75,9.7,3.88,4.96,393,88.4,1.998,2.606,1.222,2.841,1.809
09/02/2023,09/02/2023,1,8.54,1.2,7,612,76.2,1.354,1.051,3.537,3.951,1.623
09/02/2023,09/02/2023,0.75,8.54,1.2,7,612,76.2,1.354,1.051,3.537,3.951,1.623
16/02/2023,16/02/2023,1,12.72,7.64,9.54,381.4,91.6,4.274,4.552,3.637,2.75,0.636
16/02/2023,16/02/2023,0.75,12.72,7.64,9.54,381.4,91.6,4.274,4.552,3.637,2.75,0.636
16/02/2023,16/02/2023,0.75,12.72,7.64,9.54,381.4,91.6,4.274,4.552,3.637,2.75,0.636
16/02/2023,16/02/2023,0.75,12.72,7.64,9.54,381.4,91.6,4.274,4.552,3.637,2.75,0.636
23/02/2023,23/02/2023,1,9.22,0.86,6.7,816.8,79.8,1.714,0.907,3.21,4.834,3.287
23/02/2023,23/02/2023,0.75,9.22,0.86,6.7,816.8,79.8,1.714,0.907,3.21,4.834,3.287
23/02/2023,23/02/2023,0.75,9.22,0.86,6.7,816.8,79.8,1.714,0.907,3.21,4.834,3.287
23/02/2023,23/02/2023,0.75,9.22,0.86,6.7,816.8,79.8,1.714,0.907,3.21,4.834,3.287
23/02/2023,23/02/2023,0.75,9.22,0.86,6.7,816.8,79.8,1.714,0.907,3.21,4.834,3.287
23/02/2023,23/02/2023,0.75,9.22,0.86,6.7,816.8,79.8,1.714,0.907,3.21,4.834,3.287
23/02/2023,23/02/2023,0.75,9.22,0.86,6.7,816.8,79.8,1.714,0.907,3.21,4.834,3.287
23/02/2023,23/02/2023,0.75,9.22,0.86,6.7,816.8,79.8,1.714,0.907,3.21,4.834,3.287
23/02/2023,23/02/2023,2.75,9.22,0.86,6.7,816.8,79.8,1.714,0.907,3.21,4.834,3.287
23/02/2023,23/02/2023,0.75,9.22,0.86,6.7,816.8,79.8,1.714,0.907,3.21,4.834,3.287
23/02/2023,23/02/2023,0.75,9.22,0.86,6.7,816.8,79.8,1.714,0.907,3.21,4.834,3.287
23/02/2023,24/02/2023,0.75,9.22,0.86,6.7,816.8,79.8,1.714,0.907,3.21,4.834,3.287
25/02/2023,25/02/2023,1,8.42,0.34,6.96,798.2,76,1.288,0.647,3.503,4.737,1.534
27/02/2023,27/02/2023,1,7.5,0.86,6.32,574.2,77.2,0.825,0.907,2.8,3.771,1.996
27/02/2023,27/02/2023,0.75,7.5,0.86,6.32,574.2,77.2,0.825,0.907,2.8,3.771,1.996
27/02/2023,27/02/2023,0.75,7.5,0.86,6.32,574.2,77.2,0.825,0.907,2.8,3.771,1.996
27/02/2023,27/02/2023,2.75,7.5,0.86,6.32,574.2,77.2,0.825,0.907,2.8,3.771,1.996
27/02/2023,27/02/2023,0.75,7.5,0.86,6.32,574.2,77.2,0.825,0.907,2.8,3.771,1.996
27/02/2023,28/02/2023,0.75,7.5,0.86,6.32,574.2,77.2,0.825,0.907,2.8,3.771,1.996
28/02/2023,28/02/2023,1,7.5,4.32,6.22,438.2,74,0.825,2.906,2.617,3.07,0.983
28/02/2023,28/02/2023,0.75,7.5,4.32,6.22,438.2,74,0.825,2.906,2.617,3.07,0.983
28/02/2023,28/02/2023,13.75,7.5,4.32,6.22,438.2,74,0.825,2.906,2.617,3.07,0.983
28/02/2023,28/02/2023,0.75,7.5,4.32,6.22,438.2,74,0.825,2.906,2.617,3.07,0.983
28/02/2023,01/03/2023,0.75,7.5,4.32,6.22,438.2,74,0.825,2.906,2.617,3.07,0.983
01/03/2023,01/03/2023,1,8.02,4.3,7.74,526.4,73.6,1.078,2.897,4.446,3.496,0.912
01/03/2023,01/03/2023,0.75,8.02,4.3,7.74,526.4,73.6,1.078,2.897,4.446,3.496,0.912
01/03/2023,01/03/2023,1.75,8.02,4.3,7.74,526.4,73.6,1.078,2.897,4.446,3.496,0.912
01/03/2023,01/03/2023,0.75,8.02,4.3,7.74,526.4,73.6,1.078,2.897,4.446,3.496,0.912
01/03/2023,01/03/2023,0.75,8.02,4.3,7.74,526.4,73.6,1.078,2.897,4.446,3.496,0.912
01/03/2023,01/03/2023,1.75,8.02,4.3,7.74,526.4,73.6,1.078,2.897,4.446,3.496,0.912
01/03/2023,01/03/2023,6.75,8.02,4.3,7.74,526.4,73.6,1.078,2.897,4.446,3.496,0.912
01/03/2023,02/03/2023,0.75,8.02,4.3,7.74,526.4,73.6,1.078,2.897,4.446,3.496,0.912
02/03/2023,02/03/2023,1,8.3,4.22,5.92,541.2,79,1.212,2.834,2.28,3.603,2.845
02/03/2023,02/03/2023,0.75,8.3,4.22,5.92,541.2,79,1.212,2.834,2.28,3.603,2.845
02/03/2023,03/03/2023,14.75,8.3,4.22,5.92,541.2,79,1.212,2.834,2.28,3.603,2.845
03/03/2023,03/03/2023,1,7.46,3.6,3.86,400.8,76.4,0.799,2.452,0.235,2.875,1.7
03/03/2023,03/03/2023,0.75,7.46,3.6,3.86,400.8,76.4,0.799,2.452,0.235,2.875,1.7
03/03/2023,03/03/2023,0.75,7.46,3.6,3.86,400.8,76.4,0.799,2.452,0.235,2.875,1.7
03/03/2023,03/03/2023,0.75,7.46,3.6,3.86,400.8,76.4,0.799,2.452,0.235,2.875,1.7
03/03/2023,03/03/2023,13.75,7.46,3.6,3.86,400.8,76.4,0.799,2.452,0.235,2.875,1.7
03/03/2023,04/03/2023,0.75,7.46,3.6,3.86,400.8,76.4,0.799,2.452,0.235,2.875,1.7
04/03/2023,04/03/2023,0.75,5.86,3.48,3.7,310.8,71.2,0.386,2.376,0.187,2.201,0.51
04/03/2023,04/03/2023,2,5.86,3.48,3.7,310.8,71.2,0.386,2.376,0.187,2.201,0.51
04/03/2023,04/03/2023,0.75,5.86,3.48,3.7,310.8,71.2,0.386,2.376,0.187,2.201,0.51
04/03/2023,04/03/2023,0.75,5.86,3.48,3.7,310.8,71.2,0.386,2.376,0.187,2.201,0.51
04/03/2023,04/03/2023,1,5.86,3.48,3.7,310.8,71.2,0.386,2.376,0.187,2.201,0.51
04/03/2023,04/03/2023,0.75,5.86,3.48,3.7,310.8,71.2,0.386,2.376,0.187,2.201,0.51
04/03/2023,04/03/2023,0.75,5.86,3.48,3.7,310.8,71.2,0.386,2.376,0.187,2.201,0.51
04/03/2023,04/03/2023,0.75,5.86,3.48,3.7,310.8,71.2,0.386,2.376,0.187,2.201,0.51
04/03/2023,04/03/2023,0.75,5.86,3.48,3.7,310.8,71.2,0.386,2.376,0.187,2.201,0.51
04/03/2023,04/03/2023,0.75,5.86,3.48,3.7,310.8,71.2,0.386,2.376,0.187,2.201,0.51
07/03/2023,07/03/2023,1,6.1,-0.62,5.9,1132.2,73.4,0.437,0.336,2.262,3.912,0.864
07/03/2023,07/03/2023,1.75,6.1,-0.62,5.9,1132.2,73.4,0.437,0.336,2.262,3.912,0.864
07/03/2023,07/03/2023,0.75,6.1,-0.62,5.9,1132.2,73.4,0.437,0.336,2.262,3.912,0.864
07/03/2023,07/03/2023,0.75,6.1,-0.62,5.9,1132.2,73.4,0.437,0.336,2.262,3.912,0.864
07/03/2023,07/03/2023,0.75,6.1,-0.62,5.9,1132.2,73.4,0.437,0.336,2.262,3.912,0.864
07/03/2023,07/03/2023,0.75,6.1,-0.62,5.9,1132.2,73.4,0.437,0.336,2.262,3.912,0.864
07/03/2023,07/03/2023,0.75,6.1,-0.62,5.9,1132.2,73.4,0.437,0.336,2.262,3.912,0.864
07/03/2023,07/03/2023,3.75,6.1,-0.62,5.9,1132.2,73.4,0.437,0.336,2.262,3.912,0.864
07/03/2023,07/03/2023,0.75,6.1,-0.62,5.9,1132.2,73.4,0.437,0.336,2.262,3.912,0.864
10/03/2023,10/03/2023,1,5.84,-0.38,6.8,972.2,80.4,0.38,0.401,3.316,4.519,3.66
10/03/2023,10/03/2023,11.75,5.84,-0.38,6.8,972.2,80.4,0.38,0.401,3.316,4.519,3.66
10/03/2023,10/03/2023,0.75,5.84,-0.38,6.8,972.2,80.4,0.38,0.401,3.316,4.519,3.66
10/03/2023,10/03/2023,0.75,5.84,-0.38,6.8,972.2,80.4,0.38,0.401,3.316,4.519,3.66
14/03/2023,14/03/2023,4.75,7.9,0.32,8.46,1097.4,80.2,1.031,0.633,4.742,4.018,3.523
14/03/2023,15/03/2023,0.75,7.9,0.32,8.46,1097.4,80.2,1.031,0.633,4.742,4.018,3.523
15/03/2023,15/03/2023,0.75,10.58,0.5,8.6,255.8,92.4,2.651,0.721,4.589,1.667,0.494
15/03/2023,15/03/2023,1,10.58,0.5,8.6,255.8,92.4,2.651,0.721,4.589,1.667,0.494
27/03/2023,27/03/2023,1,10.92,0.48,8.14,1157,80.2,2.841,0.707,4.92,3.805,3.523
27/03/2023,27/03/2023,0.75,10.92,0.48,8.14,1157,80.2,2.841,0.707,4.92,3.805,3.523
27/03/2023,27/03/2023,0.75,10.92,0.48,8.14,1157,80.2,2.841,0.707,4.92,3.805,3.523
02/04/2023,02/04/2023,1,12.1,4,5.62,1298.6,81,3.787,2.676,1.894,3.216,3.989
02/04/2023,02/04/2023,0.75,12.1,4,5.62,1298.6,81,3.787,2.676,1.894,3.216,3.989
02/04/2023,02/04/2023,0.75,12.1,4,5.62,1298.6,81,3.787,2.676,1.894,3.216,3.989
02/04/2023,02/04/2023,0.75,12.1,4,5.62,1298.6,81,3.787,2.676,1.894,3.216,3.989
05/04/2023,05/04/2023,1,14.1,7.4,7.6,857.4,88.4,4.801,4.728,4.248,4.985,1.809
05/04/2023,05/04/2023,0.75,14.1,7.4,7.6,857.4,88.4,4.801,4.728,4.248,4.985,1.809
05/04/2023,05/04/2023,0.75,14.1,7.4,7.6,857.4,88.4,4.801,4.728,4.248,4.985,1.809
05/04/2023,05/04/2023,1.75,14.1,7.4,7.6,857.4,88.4,4.801,4.728,4.248,4.985,1.809
05/04/2023,05/04/2023,0.75,14.1,7.4,7.6,857.4,88.4,4.801,4.728,4.248,4.985,1.809
05/04/2023,05/04/2023,0.75,14.1,7.4,7.6,857.4,88.4,4.801,4.728,4.248,4.985,1.809
05/04/2023,05/04/2023,0.75,14.1,7.4,7.6,857.4,88.4,4.801,4.728,4.248,4.985,1.809
05/04/2023,05/04/2023,0.75,14.1,7.4,7.6,857.4,88.4,4.801,4.728,4.248,4.985,1.809
05/04/2023,05/04/2023,1.75,14.1,7.4,7.6,857.4,88.4,4.801,4.728,4.248,4.985,1.809
05/04/2023,05/04/2023,0.75,14.1,7.4,7.6,857.4,88.4,4.801,4.728,4.248,4.985,1.809
06/04/2023,06/04/2023,1,12.64,3.2,5.66,1721,75.4,4.208,2.252,1.967,1.718,1.341
06/04/2023,06/04/2023,0.75,12.64,3.2,5.66,1721,75.4,4.208,2.252,1.967,1.718,1.341
06/04/2023,06/04/2023,0.75,12.64,3.2,5.66,1721,75.4,4.208,2.252,1.967,1.718,1.341
06/04/2023,06/04/2023,0.75,12.64,3.2,5.66,1721,75.4,4.208,2.252,1.967,1.718,1.341
06/04/2023,06/04/2023,0.75,12.64,3.2,5.66,1721,75.4,4.208,2.252,1.967,1.718,1.341
06/04/2023,06/04/2023,0.75,12.64,3.2,5.66,1721,75.4,4.208,2.252,1.967,1.718,1.341
06/04/2023,06/04/2023,0.75,12.64,3.2,5.66,1721,75.4,4.208,2.252,1.967,1.718,1.341
06/04/2023,06/04/2023,1,12.64,3.2,5.66,1721,75.4,4.208,2.252,1.967,1.718,1.341
06/04/2023,06/04/2023,0.75,12.64,3.2,5.66,1721,75.4,4.208,2.252,1.967,1.718,1.341
06/04/2023,06/04/2023,0.75,12.64,3.2,5.66,1721,75.4,4.208,2.252,1.967,1.718,1.341
06/04/2023,06/04/2023,0.75,12.64,3.2,5.66,1721,75.4,4.208,2.252,1.967,1.718,1.341
06/04/2023,06/04/2023,0.75,12.64,3.2,5.66,1721,75.4,4.208,2.252,1.967,1.718,1.341
06/04/2023,06/04/2023,0.75,12.64,3.2,5.66,1721,75.4,4.208,2.252,1.967,1.718,1.341
05/05/2023,05/05/2023,1,16.78,9.78,7.72,1782.4,84.8,3.112,2.965,4.41,1.519,3.802
05/05/2023,05/05/2023,0.75,16.78,9.78,7.72,1782.4,84.8,3.112,2.965,4.41,1.519,3.802
05/05/2023,05/05/2023,1.75,16.78,9.78,7.72,1782.4,84.8,3.112,2.965,4.41,1.519,3.802
05/05/2023,05/05/2023,0.75,16.78,9.78,7.72,1782.4,84.8,3.112,2.965,4.41,1.519,3.802
06/05/2023,06/05/2023,1,16.82,9.98,5.66,1734.4,85.6,3.068,2.809,1.967,1.659,3.332
06/05/2023,06/05/2023,0.75,16.82,9.98,5.66,1734.4,85.6,3.068,2.809,1.967,1.659,3.332
06/05/2023,06/05/2023,0.75,16.82,9.98,5.66,1734.4,85.6,3.068,2.809,1.967,1.659,3.332
06/05/2023,06/05/2023,0.75,16.82,9.98,5.66,1734.4,85.6,3.068,2.809,1.967,1.659,3.332
06/05/2023,06/05/2023,0.75,16.82,9.98,5.66,1734.4,85.6,3.068,2.809,1.967,1.659,3.332
06/05/2023,06/05/2023,0.75,16.82,9.98,5.66,1734.4,85.6,3.068,2.809,1.967,1.659,3.332
06/05/2023,06/05/2023,0.75,16.82,9.98,5.66,1734.4,85.6,3.068,2.809,1.967,1.659,3.332
06/05/2023,06/05/2023,0.75,16.82,9.98,5.66,1734.4,85.6,3.068,2.809,1.967,1.659,3.332
06/05/2023,06/05/2023,2,16.82,9.98,5.66,1734.4,85.6,3.068,2.809,1.967,1.659,3.332
12/05/2023,12/05/2023,1,17.32,6.82,5.82,2359,81.2,2.655,4.814,2.149,0.392,4.111
12/05/2023,12/05/2023,0.75,17.32,6.82,5.82,2359,81.2,2.655,4.814,2.149,0.392,4.111
12/05/2023,12/05/2023,3.75,17.32,6.82,5.82,2359,81.2,2.655,4.814,2.149,0.392,4.111
12/05/2023,12/05/2023,0.75,17.32,6.82,5.82,2359,81.2,2.655,4.814,2.149,0.392,4.111
12/05/2023,13/05/2023,0.75,17.32,6.82,5.82,2359,81.2,2.655,4.814,2.149,0.392,4.111
13/05/2023,13/05/2023,0.75,17.96,5.32,4.96,2266.4,82.4,2.164,3.652,1.222,0.499,4.759
19/05/2023,19/05/2023,1,16.42,8.3,5.26,1488.4,82.6,3.425,4.018,1.513,2.511,4.884
19/05/2023,19/05/2023,0.75,16.42,8.3,5.26,1488.4,82.6,3.425,4.018,1.513,2.511,4.884
19/05/2023,19/05/2023,0.75,16.42,8.3,5.26,1488.4,82.6,3.425,4.018,1.513,2.511,4.884
19/05/2023,19/05/2023,0.75,16.42,8.3,5.26,1488.4,82.6,3.425,4.018,1.513,2.511,4.884
19/05/2023,19/05/2023,0.75,16.42,8.3,5.26,1488.4,82.6,3.425,4.018,1.513,2.511,4.884
19/05/2023,19/05/2023,0.75,16.42,8.3,5.26,1488.4,82.6,3.425,4.018,1.513,2.511,4.884
19/05/2023,19/05/2023,0.75,16.42,8.3,5.26,1488.4,82.6,3.425,4.018,1.513,2.511,4.884
19/05/2023,19/05/2023,0.75,16.42,8.3,5.26,1488.4,82.6,3.425,4.018,1.513,2.511,4.884
19/05/2023,19/05/2023,0.75,16.42,8.3,5.26,1488.4,82.6,3.425,4.018,1.513,2.511,4.884
19/05/2023,19/05/2023,0.75,16.42,8.3,5.26,1488.4,82.6,3.425,4.018,1.513,2.511,4.884
19/05/2023,19/05/2023,0.75,16.42,8.3,5.26,1488.4,82.6,3.425,4.018,1.513,2.511,4.884
19/05/2023,19/05/2023,0.75,16.42,8.3,5.26,1488.4,82.6,3.425,4.018,1.513,2.511,4.884
19/05/2023,19/05/2023,0.75,16.42,8.3,5.26,1488.4,82.6,3.425,4.018,1.513,2.511,4.884
19/05/2023,19/05/2023,0.75,16.42,8.3,5.26,1488.4,82.6,3.425,4.018,1.513,2.511,4.884
19/05/2023,20/05/2023,0.75,16.42,8.3,5.26,1488.4,82.6,3.425,4.018,1.513,2.511,4.884
20/05/2023,20/05/2023,1,16.64,11.22,3.02,969.4,87.4,3.235,1.788,0.021,4.53,2.334
20/05/2023,20/05/2023,0.75,16.64,11.22,3.02,969.4,87.4,3.235,1.788,0.021,4.53,2.334
20/05/2023,20/05/2023,0.75,16.64,11.22,3.02,969.4,87.4,3.235,1.788,0.021,4.53,2.334
20/05/2023,20/05/2023,0.75,16.64,11.22,3.02,969.4,87.4,3.235,1.788,0.021,4.53,2.334
20/05/2023,20/05/2023,0.75,16.64,11.22,3.02,969.4,87.4,3.235,1.788,0.021,4.53,2.334
20/05/2023,20/05/2023,0.75,16.64,11.22,3.02,969.4,87.4,3.235,1.788,0.021,4.53,2.334
20/05/2023,20/05/2023,1,16.64,11.22,3.02,969.4,87.4,3.235,1.788,0.021,4.53,2.334
20/05/2023,20/05/2023,1,16.64,11.22,3.02,969.4,87.4,3.235,1.788,0.021,4.53,2.334
20/05/2023,20/05/2023,0.75,16.64,11.22,3.02,969.4,87.4,3.235,1.788,0.021,4.53,2.334
21/05/2023,21/05/2023,1,17.38,10.56,4.82,1301.2,86,2.615,2.321,1.101,3.202,3.095
21/05/2023,21/05/2023,0.75,17.38,10.56,4.82,1301.2,86,2.615,2.321,1.101,3.202,3.095
21/05/2023,21/05/2023,1,17.38,10.56,4.82,1301.2,86,2.615,2.321,1.101,3.202,3.095
23/05/2023,23/05/2023,1,17.2,7.56,6.5,2184.8,74.2,2.742,4.616,2.976,0.624,1.022
23/05/2023,23/05/2023,0.75,17.2,7.56,6.5,2184.8,74.2,2.742,4.616,2.976,0.624,1.022
23/05/2023,23/05/2023,0.75,17.2,7.56,6.5,2184.8,74.2,2.742,4.616,2.976,0.624,1.022
23/05/2023,23/05/2023,0.75,17.2,7.56,6.5,2184.8,74.2,2.742,4.616,2.976,0.624,1.022
23/05/2023,23/05/2023,0.75,17.2,7.56,6.5,2184.8,74.2,2.742,4.616,2.976,0.624,1.022
24/05/2023,24/05/2023,1,16.68,7.88,7.1,2020.2,79,3.209,4.363,3.679,0.898,2.845
24/05/2023,24/05/2023,0.75,16.68,7.88,7.1,2020.2,79,3.209,4.363,3.679,0.898,2.845
24/05/2023,24/05/2023,0.75,16.68,7.88,7.1,2020.2,79,3.209,4.363,3.679,0.898,2.845
24/05/2023,24/05/2023,1.75,16.68,7.88,7.1,2020.2,79,3.209,4.363,3.679,0.898,2.845
24/05/2023,24/05/2023,0.75,16.68,7.88,7.1,2020.2,79,3.209,4.363,3.679,0.898,2.845
24/05/2023,24/05/2023,0.75,16.68,7.88,7.1,2020.2,79,3.209,4.363,3.679,0.898,2.845
24/05/2023,24/05/2023,1,16.68,7.88,7.1,2020.2,79,3.209,4.363,3.679,0.898,2.845
24/05/2023,24/05/2023,0.75,16.68,7.88,7.1,2020.2,79,3.209,4.363,3.679,0.898,2.845
24/05/2023,24/05/2023,0.75,16.68,7.88,7.1,2020.2,79,3.209,4.363,3.679,0.898,2.845
25/05/2023,25/05/2023,1,19.02,9.46,6.32,2507.4,75,1.488,3.195,2.8,0.241,1.23
25/05/2023,25/05/2023,0.75,19.02,9.46,6.32,2507.4,75,1.488,3.195,2.8,0.241,1.23
25/05/2023,25/05/2023,0.75,19.02,9.46,6.32,2507.4,75,1.488,3.195,2.8,0.241,1.23
25/05/2023,25/05/2023,0.75,19.02,9.46,6.32,2507.4,75,1.488,3.195,2.8,0.241,1.23
25/05/2023,25/05/2023,0.75,19.02,9.46,6.32,2507.4,75,1.488,3.195,2.8,0.241,1.23
25/05/2023,25/05/2023,0.75,19.02,9.46,6.32,2507.4,75,1.488,3.195,2.8,0.241,1.23
25/05/2023,25/05/2023,1,19.02,9.46,6.32,2507.4,75,1.488,3.195,2.8,0.241,1.23
25/05/2023,25/05/2023,0.75,19.02,9.46,6.32,2507.4,75,1.488,3.195,2.8,0.241,1.23
25/05/2023,25/05/2023,1,19.02,9.46,6.32,2507.4,75,1.488,3.195,2.8,0.241,1.23
26/05/2023,26/05/2023,1,19.04,8.64,5.22,2483.8,78.8,1.48,3.805,1.46,0.259,2.736
26/05/2023,27/05/2023,15.75,19.04,8.64,5.22,2483.8,78.8,1.48,3.805,1.46,0.259,2.736
27/05/2023,27/05/2023,0.75,20.4,8.36,4.56,2453,75.4,0.758,3.97,0.804,0.288,1.341
27/05/2023,27/05/2023,1,20.4,8.36,4.56,2453,75.4,0.758,3.97,0.804,0.288,1.341
27/05/2023,27/05/2023,5.75,20.4,8.36,4.56,2453,75.4,0.758,3.97,0.804,0.288,1.341
27/05/2023,27/05/2023,0.75,20.4,8.36,4.56,2453,75.4,0.758,3.97,0.804,0.288,1.341
27/05/2023,27/05/2023,0.75,20.4,8.36,4.56,2453,75.4,0.758,3.97,0.804,0.288,1.341
27/05/2023,27/05/2023,0.75,20.4,8.36,4.56,2453,75.4,0.758,3.97,0.804,0.288,1.341
27/05/2023,27/05/2023,0.75,20.4,8.36,4.56,2453,75.4,0.758,3.97,0.804,0.288,1.341
27/05/2023,27/05/2023,0.75,20.4,8.36,4.56,2453,75.4,0.758,3.97,0.804,0.288,1.341
27/05/2023,27/05/2023,0.75,20.4,8.36,4.56,2453,75.4,0.758,3.97,0.804,0.288,1.341
27/05/2023,27/05/2023,0.75,20.4,8.36,4.56,2453,75.4,0.758,3.97,0.804,0.288,1.341
28/05/2023,28/05/2023,1,17.12,8.88,7.1,2532.4,68.8,2.808,3.632,3.679,0.22,0.249
28/05/2023,28/05/2023,0.75,17.12,8.88,7.1,2532.4,68.8,2.808,3.632,3.679,0.22,0.249
28/05/2023,28/05/2023,1.75,17.12,8.88,7.1,2532.4,68.8,2.808,3.632,3.679,0.22,0.249
28/05/2023,28/05/2023,0.75,17.12,8.88,7.1,2532.4,68.8,2.808,3.632,3.679,0.22,0.249
28/05/2023,28/05/2023,1.75,17.12,8.88,7.1,2532.4,68.8,2.808,3.632,3.679,0.22,0.249
29/05/2023,29/05/2023,1,19.22,6.84,6.36,2751,69.8,1.353,4.825,2.844,0.095,0.338
29/05/2023,29/05/2023,0.75,19.22,6.84,6.36,2751,69.8,1.353,4.825,2.844,0.095,0.338
29/05/2023,29/05/2023,0.75,19.22,6.84,6.36,2751,69.8,1.353,4.825,2.844,0.095,0.338
29/05/2023,29/05/2023,0.75,19.22,6.84,6.36,2751,69.8,1.353,4.825,2.844,0.095,0.338
29/05/2023,29/05/2023,0.75,19.22,6.84,6.36,2751,69.8,1.353,4.825,2.844,0.095,0.338
29/05/2023,29/05/2023,0.75,19.22,6.84,6.36,2751,69.8,1.353,4.825,2.844,0.095,0.338
29/05/2023,29/05/2023,0.75,19.22,6.84,6.36,2751,69.8,1.353,4.825,2.844,0.095,0.338
29/05/2023,29/05/2023,0.75,19.22,6.84,6.36,2751,69.8,1.353,4.825,2.844,0.095,0.338
29/05/2023,29/05/2023,0.75,19.22,6.84,6.36,2751,69.8,1.353,4.825,2.844,0.095,0.338
29/05/2023,29/05/2023,0.75,19.22,6.84,6.36,2751,69.8,1.353,4.825,2.844,0.095,0.338
29/05/2023,29/05/2023,0.75,19.22,6.84,6.36,2751,69.8,1.353,4.825,2.844,0.095,0.338
29/05/2023,29/05/2023,0.75,19.22,6.84,6.36,2751,69.8,1.353,4.825,2.844,0.095,0.338
29/05/2023,29/05/2023,0.75,19.22,6.84,6.36,2751,69.8,1.353,4.825,2.844,0.095,0.338
29/05/2023,29/05/2023,0.75,19.22,6.84,6.36,2751,69.8,1.353,4.825,2.844,0.095,0.338
29/05/2023,30/05/2023,0.75,19.22,6.84,6.36,2751,69.8,1.353,4.825,2.844,0.095,0.338
30/05/2023,30/05/2023,1,21.48,6.66,5.64,2995.4,66.2,0.41,4.685,1.931,0.012,0.125
30/05/2023,30/05/2023,0.75,21.48,6.66,5.64,2995.4,66.2,0.41,4.685,1.931,0.012,0.125
30/05/2023,30/05/2023,0.75,21.48,6.66,5.64,2995.4,66.2,0.41,4.685,1.931,0.012,0.125
30/05/2023,30/05/2023,0.75,21.48,6.66,5.64,2995.4,66.2,0.41,4.685,1.931,0.012,0.125
30/05/2023,30/05/2023,0.75,21.48,6.66,5.64,2995.4,66.2,0.41,4.685,1.931,0.012,0.125
30/05/2023,30/05/2023,0.75,21.48,6.66,5.64,2995.4,66.2,0.41,4.685,1.931,0.012,0.125
30/05/2023,30/05/2023,0.75,21.48,6.66,5.64,2995.4,66.2,0.41,4.685,1.931,0.012,0.125
30/05/2023,30/05/2023,1,21.48,6.66,5.64,2995.4,66.2,0.41,4.685,1.931,0.012,0.125
30/05/2023,30/05/2023,0.75,21.48,6.66,5.64,2995.4,66.2,0.41,4.685,1.931,0.012,0.125
30/05/2023,30/05/2023,0.75,21.48,6.66,5.64,2995.4,66.2,0.41,4.685,1.931,0.012,0.125
30/05/2023,30/05/2023,0.75,21.48,6.66,5.64,2995.4,66.2,0.41,4.685,1.931,0.012,0.125
31/05/2023,31/05/2023,1,20.96,8.26,6.06,2795.6,73.2,0.535,4.056,2.431,0.074,0.812
31/05/2023,31/05/2023,0.75,20.96,8.26,6.06,2795.6,73.2,0.535,4.056,2.431,0.074,0.812
31/05/2023,31/05/2023,0.75,20.96,8.26,6.06,2795.6,73.2,0.535,4.056,2.431,0.074,0.812
31/05/2023,31/05/2023,0.75,20.96,8.26,6.06,2795.6,73.2,0.535,4.056,2.431,0.074,0.812
31/05/2023,31/05/2023,0.75,20.96,8.26,6.06,2795.6,73.2,0.535,4.056,2.431,0.074,0.812
31/05/2023,31/05/2023,0.75,20.96,8.26,6.06,2795.6,73.2,0.535,4.056,2.431,0.074,0.812
01/06/2023,01/06/2023,0.75,21.1,7.84,5.78,2715.2,76.4,0.496,4.393,2.101,0.113,1.7
01/06/2023,01/06/2023,2.75,21.1,7.84,5.78,2715.2,76.4,0.496,4.393,2.101,0.113,1.7
01/06/2023,01/06/2023,0.75,21.1,7.84,5.78,2715.2,76.4,0.496,4.393,2.101,0.113,1.7
01/06/2023,01/06/2023,1.75,21.1,7.84,5.78,2715.2,76.4,0.496,4.393,2.101,0.113,1.7
01/06/2023,01/06/2023,0.75,21.1,7.84,5.78,2715.2,76.4,0.496,4.393,2.101,0.113,1.7
01/06/2023,01/06/2023,0.75,21.1,7.84,5.78,2715.2,76.4,0.496,4.393,2.101,0.113,1.7
01/06/2023,01/06/2023,0.75,21.1,7.84,5.78,2715.2,76.4,0.496,4.393,2.101,0.113,1.7
01/06/2023,01/06/2023,0.75,21.1,7.84,5.78,2715.2,76.4,0.496,4.393,2.101,0.113,1.7
01/06/2023,01/06/2023,0.75,21.1,7.84,5.78,2715.2,76.4,0.496,4.393,2.101,0.113,1.7
01/06/2023,01/06/2023,0.75,21.1,7.84,5.78,2715.2,76.4,0.496,4.393,2.101,0.113,1.7
02/06/2023,02/06/2023,1,19.72,8.1,5.66,2816.8,74.4,1.048,4.188,1.967,0.056,1.074
03/06/2023,03/06/2023,1,21.54,5.98,4.84,2938,69,0.398,4.154,1.13,0.027,0.27
03/06/2023,03/06/2023,0.75,21.54,5.98,4.84,2938,69,0.398,4.154,1.13,0.027,0.27
03/06/2023,03/06/2023,0.75,21.54,5.98,4.84,2938,69,0.398,4.154,1.13,0.027,0.27
03/06/2023,03/06/2023,0.75,21.54,5.98,4.84,2938,69,0.398,4.154,1.13,0.027,0.27
03/06/2023,03/06/2023,0.75,21.54,5.98,4.84,2938,69,0.398,4.154,1.13,0.027,0.27
03/06/2023,03/06/2023,0.75,21.54,5.98,4.84,2938,69,0.398,4.154,1.13,0.027,0.27
03/06/2023,03/06/2023,0.75,21.54,5.98,4.84,2938,69,0.398,4.154,1.13,0.027,0.27
03/06/2023,03/06/2023,0.75,21.54,5.98,4.84,2938,69,0.398,4.154,1.13,0.027,0.27
03/06/2023,03/06/2023,0.75,21.54,5.98,4.84,2938,69,0.398,4.154,1.13,0.027,0.27
03/06/2023,03/06/2023,0.75,21.54,5.98,4.84,2938,69,0.398,4.154,1.13,0.027,0.27
03/06/2023,03/06/2023,0.75,21.54,5.98,4.84,2938,69,0.398,4.154,1.13,0.027,0.27
03/06/2023,03/06/2023,0.75,21.54,5.98,4.84,2938,69,0.398,4.154,1.13,0.027,0.27
03/06/2023,03/06/2023,0.75,21.54,5.98,4.84,2938,69,0.398,4.154,1.13,0.027,0.27
28/06/2023,28/06/2023,1,18.88,10.84,7.24,1686.6,81.2,1.553,2.079,3.842,1.843,4.111
28/06/2023,28/06/2023,0.75,18.88,10.84,7.24,1686.6,81.2,1.553,2.079,3.842,1.843,4.111
28/06/2023,28/06/2023,0.75,18.88,10.84,7.24,1686.6,81.2,1.553,2.079,3.842,1.843,4.111
28/06/2023,28/06/2023,0.75,18.88,10.84,7.24,1686.6,81.2,1.553,2.079,3.842,1.843,4.111
28/06/2023,28/06/2023,0.75,18.88,10.84,7.24,1686.6,81.2,1.553,2.079,3.842,1.843,4.111
28/06/2023,28/06/2023,0.75,18.88,10.84,7.24,1686.6,81.2,1.553,2.079,3.842,1.843,4.111
28/06/2023,28/06/2023,0.75,18.88,10.84,7.24,1686.6,81.2,1.553,2.079,3.842,1.843,4.111
28/06/2023,28/06/2023,1,18.88,10.84,7.24,1686.6,81.2,1.553,2.079,3.842,1.843,4.111
29/06/2023,29/06/2023,1,18.72,9.52,8.5,1815.2,73.2,1.647,3.151,4.693,1.436,0.812
29/06/2023,29/06/2023,0.75,18.72,9.52,8.5,1815.2,73.2,1.647,3.151,4.693,1.436,0.812
29/06/2023,29/06/2023,0.75,18.72,9.52,8.5,1815.2,73.2,1.647,3.151,4.693,1.436,0.812
29/06/2023,29/06/2023,0.75,18.72,9.52,8.5,1815.2,73.2,1.647,3.151,4.693,1.436,0.812
09/07/2023,09/07/2023,0.75,19.8,10.86,7.3,2247.4,78,1.004,2.055,3.908,0.532,2.36
09/07/2023,09/07/2023,1,19.8,10.86,7.3,2247.4,78,1.004,2.055,3.908,0.532,2.36
09/07/2023,09/07/2023,0.75,19.8,10.86,7.3,2247.4,78,1.004,2.055,3.908,0.532,2.36
09/07/2023,09/07/2023,0.75,19.8,10.86,7.3,2247.4,78,1.004,2.055,3.908,0.532,2.36
09/07/2023,09/07/2023,0.75,19.8,10.86,7.3,2247.4,78,1.004,2.055,3.908,0.532,2.36
09/07/2023,10/07/2023,0.75,19.8,10.86,7.3,2247.4,78,1.004,2.055,3.908,0.532,2.36
10/07/2023,10/07/2023,1,18.26,12.72,5.66,1242.8,88.6,1.935,0.805,1.967,3.46,1.733
10/07/2023,10/07/2023,1.75,18.26,12.72,5.66,1242.8,88.6,1.935,0.805,1.967,3.46,1.733
10/07/2023,10/07/2023,0.75,18.26,12.72,5.66,1242.8,88.6,1.935,0.805,1.967,3.46,1.733
10/07/2023,10/07/2023,0.75,18.26,12.72,5.66,1242.8,88.6,1.935,0.805,1.967,3.46,1.733
10/07/2023,10/07/2023,0.75,18.26,12.72,5.66,1242.8,88.6,1.935,0.805,1.967,3.46,1.733
11/07/2023,11/07/2023,5.75,19.62,12.56,8.18,1924,80.4,1.096,0.896,4.957,1.115,3.66
20/03/2024,20/03/2024,1,11.92,4.06,5.78,1097.4,81,3.602,2.732,2.101,4.018,3.989
20/03/2024,20/03/2024,5.75,11.92,4.06,5.78,1097.4,81,3.602,2.732,2.101,4.018,3.989
24/03/2024,24/03/2024,1,9.94,4.76,8.08,678.4,84.4,2.167,3.213,4.856,4.245,4.063
24/03/2024,24/03/2024,0.75,9.94,4.76,8.08,678.4,84.4,2.167,3.213,4.856,4.245,4.063
24/03/2024,24/03/2024,0.75,9.94,4.76,8.08,678.4,84.4,2.167,3.213,4.856,4.245,4.063
24/03/2024,24/03/2024,0.75,9.94,4.76,8.08,678.4,84.4,2.167,3.213,4.856,4.245,4.063
24/03/2024,24/03/2024,0.75,9.94,4.76,8.08,678.4,84.4,2.167,3.213,4.856,4.245,4.063
25/03/2024,25/03/2024,1,10.14,5.74,9.02,686.2,90.2,2.326,3.976,4.155,4.281,1.062
25/03/2024,25/03/2024,0.75,10.14,5.74,9.02,686.2,90.2,2.326,3.976,4.155,4.281,1.062
25/03/2024,25/03/2024,0.75,10.14,5.74,9.02,686.2,90.2,2.326,3.976,4.155,4.281,1.062
25/03/2024,25/03/2024,0.75,10.14,5.74,9.02,686.2,90.2,2.326,3.976,4.155,4.281,1.062
25/03/2024,25/03/2024,0.75,10.14,5.74,9.02,686.2,90.2,2.326,3.976,4.155,4.281,1.062
25/03/2024,25/03/2024,0.75,10.14,5.74,9.02,686.2,90.2,2.326,3.976,4.155,4.281,1.062
25/03/2024,25/03/2024,0.75,10.14,5.74,9.02,686.2,90.2,2.326,3.976,4.155,4.281,1.062
25/03/2024,25/03/2024,0.75,10.14,5.74,9.02,686.2,90.2,2.326,3.976,4.155,4.281,1.062
25/03/2024,25/03/2024,0.75,10.14,5.74,9.02,686.2,90.2,2.326,3.976,4.155,4.281,1.062
25/03/2024,25/03/2024,0.75,10.14,5.74,9.02,686.2,90.2,2.326,3.976,4.155,4.281,1.062
25/03/2024,25/03/2024,0.75,10.14,5.74,9.02,686.2,90.2,2.326,3.976,4.155,4.281,1.062
28/03/2024,28/03/2024,1,10.34,0.24,5.18,1363,80.2,2.463,0.588,1.421,3.001,3.523
28/03/2024,28/03/2024,0.75,10.34,0.24,5.18,1363,80.2,2.463,0.588,1.421,3.001,3.523
28/03/2024,28/03/2024,0.75,10.34,0.24,5.18,1363,80.2,2.463,0.588,1.421,3.001,3.523
28/03/2024,28/03/2024,0.75,10.34,0.24,5.18,1363,80.2,2.463,0.588,1.421,3.001,3.523
28/03/2024,28/03/2024,3.75,10.34,0.24,5.18,1363,80.2,2.463,0.588,1.421,3.001,3.523
28/03/2024,28/03/2024,0.75,10.34,0.24,5.18,1363,80.2,2.463,0.588,1.421,3.001,3.523
29/03/2024,29/03/2024,2,12.14,2.82,6.7,1237.8,80.4,3.818,2,3.21,3.475,3.66
29/03/2024,29/03/2024,0.75,12.14,2.82,6.7,1237.8,80.4,3.818,2,3.21,3.475,3.66
29/03/2024,29/03/2024,0.75,12.14,2.82,6.7,1237.8,80.4,3.818,2,3.21,3.475,3.66
29/03/2024,29/03/2024,0.75,12.14,2.82,6.7,1237.8,80.4,3.818,2,3.21,3.475,3.66
29/03/2024,29/03/2024,1,12.14,2.82,6.7,1237.8,80.4,3.818,2,3.21,3.475,3.66
29/03/2024,29/03/2024,0.75,12.14,2.82,6.7,1237.8,80.4,3.818,2,3.21,3.475,3.66
02/04/2024,02/04/2024,1,12.44,3.3,5.6,1193.6,85.8,4.041,2.292,1.878,3.671,3.217
02/04/2024,02/04/2024,3.75,12.44,3.3,5.6,1193.6,85.8,4.041,2.292,1.878,3.671,3.217
02/04/2024,02/04/2024,0.75,12.44,3.3,5.6,1193.6,85.8,4.041,2.292,1.878,3.671,3.217
02/04/2024,02/04/2024,0.75,12.44,3.3,5.6,1193.6,85.8,4.041,2.292,1.878,3.671,3.217
02/04/2024,02/04/2024,0.75,12.44,3.3,5.6,1193.6,85.8,4.041,2.292,1.878,3.671,3.217
02/04/2024,02/04/2024,0.75,12.44,3.3,5.6,1193.6,85.8,4.041,2.292,1.878,3.671,3.217
02/04/2024,02/04/2024,0.75,12.44,3.3,5.6,1193.6,85.8,4.041,2.292,1.878,3.671,3.217
03/04/2024,03/04/2024,1,12.5,6.68,6.04,1032.6,85.8,4.097,4.699,2.404,4.307,3.217
03/04/2024,03/04/2024,0.75,12.5,6.68,6.04,1032.6,85.8,4.097,4.699,2.404,4.307,3.217
03/04/2024,03/04/2024,0.75,12.5,6.68,6.04,1032.6,85.8,4.097,4.699,2.404,4.307,3.217
03/04/2024,03/04/2024,0.75,12.5,6.68,6.04,1032.6,85.8,4.097,4.699,2.404,4.307,3.217
03/04/2024,03/04/2024,1,12.5,6.68,6.04,1032.6,85.8,4.097,4.699,2.404,4.307,3.217
03/04/2024,03/04/2024,0.75,12.5,6.68,6.04,1032.6,85.8,4.097,4.699,2.404,4.307,3.217
03/04/2024,03/04/2024,0.75,12.5,6.68,6.04,1032.6,85.8,4.097,4.699,2.404,4.307,3.217
03/04/2024,03/04/2024,0.75,12.5,6.68,6.04,1032.6,85.8,4.097,4.699,2.404,4.307,3.217
03/04/2024,03/04/2024,0.75,12.5,6.68,6.04,1032.6,85.8,4.097,4.699,2.404,4.307,3.217
03/04/2024,03/04/2024,0.75,12.5,6.68,6.04,1032.6,85.8,4.097,4.699,2.404,4.307,3.217
03/04/2024,03/04/2024,0.75,12.5,6.68,6.04,1032.6,85.8,4.097,4.699,2.404,4.307,3.217
03/04/2024,03/04/2024,0.75,12.5,6.68,6.04,1032.6,85.8,4.097,4.699,2.404,4.307,3.217
04/04/2024,04/04/2024,1,11.34,6.2,7.8,648.8,91.6,3.162,4.319,4.524,4.117,0.636
04/04/2024,04/04/2024,0.75,11.34,6.2,7.8,648.8,91.6,3.162,4.319,4.524,4.117,0.636
04/04/2024,04/04/2024,0.75,11.34,6.2,7.8,648.8,91.6,3.162,4.319,4.524,4.117,0.636
04/04/2024,04/04/2024,0.75,11.34,6.2,7.8,648.8,91.6,3.162,4.319,4.524,4.117,0.636
04/04/2024,04/04/2024,0.75,11.34,6.2,7.8,648.8,91.6,3.162,4.319,4.524,4.117,0.636
04/04/2024,04/04/2024,0.75,11.34,6.2,7.8,648.8,91.6,3.162,4.319,4.524,4.117,0.636
08/04/2024,08/04/2024,1,8.92,5.34,8.68,507.6,86.8,1.542,3.672,4.52,3.409,2.677
08/04/2024,08/04/2024,3.75,8.92,5.34,8.68,507.6,86.8,1.542,3.672,4.52,3.409,2.677
08/04/2024,08/04/2024,0.75,8.92,5.34,8.68,507.6,86.8,1.542,3.672,4.52,3.409,2.677
08/04/2024,08/04/2024,0.75,8.92,5.34,8.68,507.6,86.8,1.542,3.672,4.52,3.409,2.677
22/04/2024,22/04/2024,1,15.1,4.82,6.66,1485.4,80.8,4.244,3.251,3.156,2.53,3.871
22/04/2024,22/04/2024,0.75,15.1,4.82,6.66,1485.4,80.8,4.244,3.251,3.156,2.53,3.871
22/04/2024,22/04/2024,0.75,15.1,4.82,6.66,1485.4,80.8,4.244,3.251,3.156,2.53,3.871
22/04/2024,22/04/2024,0.75,15.1,4.82,6.66,1485.4,80.8,4.244,3.251,3.156,2.53,3.871
25/04/2024,25/04/2024,1,11.94,3.54,5.04,1110,80.8,3.617,2.405,1.298,3.986,3.871
25/04/2024,25/04/2024,0.75,11.94,3.54,5.04,1110,80.8,3.617,2.405,1.298,3.986,3.871
25/04/2024,25/04/2024,0.75,11.94,3.54,5.04,1110,80.8,3.617,2.405,1.298,3.986,3.871
25/04/2024,25/04/2024,0.75,11.94,3.54,5.04,1110,80.8,3.617,2.405,1.298,3.986,3.871
25/04/2024,25/04/2024,0.75,11.94,3.54,5.04,1110,80.8,3.617,2.405,1.298,3.986,3.871
25/04/2024,25/04/2024,0.75,11.94,3.54,5.04,1110,80.8,3.617,2.405,1.298,3.986,3.871
26/04/2024,26/04/2024,1,11.52,2.16,6.42,1639.2,72.6,3.304,1.603,2.901,2.015,0.715
26/04/2024,26/04/2024,0.75,11.52,2.16,6.42,1639.2,72.6,3.304,1.603,2.901,2.015,0.715
26/04/2024,26/04/2024,1,11.52,2.16,6.42,1639.2,72.6,3.304,1.603,2.901,2.015,0.715
26/04/2024,26/04/2024,1,11.52,2.16,6.42,1639.2,72.6,3.304,1.603,2.901,2.015,0.715
26/04/2024,26/04/2024,0.75,11.52,2.16,6.42,1639.2,72.6,3.304,1.603,2.901,2.015,0.715
26/04/2024,26/04/2024,0.75,11.52,2.16,6.42,1639.2,72.6,3.304,1.603,2.901,2.015,0.715
26/04/2024,27/04/2024,0.75,11.52,2.16,6.42,1639.2,72.6,3.304,1.603,2.901,2.015,0.715
30/04/2024,30/04/2024,1,12.34,6.52,7.4,1118.8,85.6,3.987,4.568,4.034,3.963,3.332
30/04/2024,30/04/2024,2.75,12.34,6.52,7.4,1118.8,85.6,3.987,4.568,4.034,3.963,3.332
30/04/2024,30/04/2024,0.75,12.34,6.52,7.4,1118.8,85.6,3.987,4.568,4.034,3.963,3.332
30/04/2024,30/04/2024,0.75,12.34,6.52,7.4,1118.8,85.6,3.987,4.568,4.034,3.963,3.332
30/04/2024,30/04/2024,1,12.34,6.52,7.4,1118.8,85.6,3.987,4.568,4.034,3.963,3.332
01/05/2024,01/05/2024,1,14.42,5.82,7.08,2046.8,78.6,4.619,4.03,3.65,0.862,2.638
01/05/2024,01/05/2024,0.75,14.42,5.82,7.08,2046.8,78.6,4.619,4.03,3.65,0.862,2.638
01/05/2024,01/05/2024,0.75,14.42,5.82,7.08,2046.8,78.6,4.619,4.03,3.65,0.862,2.638
01/05/2024,01/05/2024,0.75,14.42,5.82,7.08,2046.8,78.6,4.619,4.03,3.65,0.862,2.638
01/05/2024,01/05/2024,0.75,14.42,5.82,7.08,2046.8,78.6,4.619,4.03,3.65,0.862,2.638
01/05/2024,01/05/2024,0.75,14.42,5.82,7.08,2046.8,78.6,4.619,4.03,3.65,0.862,2.638
01/05/2024,01/05/2024,0.75,14.42,5.82,7.08,2046.8,78.6,4.619,4.03,3.65,0.862,2.638
01/05/2024,01/05/2024,1,14.42,5.82,7.08,2046.8,78.6,4.619,4.03,3.65,0.862,2.638
01/05/2024,01/05/2024,0.75,14.42,5.82,7.08,2046.8,78.6,4.619,4.03,3.65,0.862,2.638
01/05/2024,01/05/2024,0.75,14.42,5.82,7.08,2046.8,78.6,4.619,4.03,3.65,0.862,2.638
01/05/2024,01/05/2024,0.75,14.42,5.82,7.08,2046.8,78.6,4.619,4.03,3.65,0.862,2.638
01/05/2024,01/05/2024,0.75,14.42,5.82,7.08,2046.8,78.6,4.619,4.03,3.65,0.862,2.638
01/05/2024,02/05/2024,0.75,14.42,5.82,7.08,2046.8,78.6,4.619,4.03,3.65,0.862,2.638
02/05/2024,02/05/2024,1,13.58,6.9,5.76,801.6,89,4.878,4.878,2.08,4.747,1.569
02/05/2024,02/05/2024,0.75,13.58,6.9,5.76,801.6,89,4.878,4.878,2.08,4.747,1.569
02/05/2024,02/05/2024,1,13.58,6.9,5.76,801.6,89,4.878,4.878,2.08,4.747,1.569
02/05/2024,02/05/2024,0.75,13.58,6.9,5.76,801.6,89,4.878,4.878,2.08,4.747,1.569
02/05/2024,02/05/2024,5.75,13.58,6.9,5.76,801.6,89,4.878,4.878,2.08,4.747,1.569
02/05/2024,02/05/2024,0.75,13.58,6.9,5.76,801.6,89,4.878,4.878,2.08,4.747,1.569
02/05/2024,02/05/2024,0.75,13.58,6.9,5.76,801.6,89,4.878,4.878,2.08,4.747,1.569
02/05/2024,02/05/2024,0.75,13.58,6.9,5.76,801.6,89,4.878,4.878,2.08,4.747,1.569
02/05/2024,02/05/2024,0.75,13.58,6.9,5.76,801.6,89,4.878,4.878,2.08,4.747,1.569
02/05/2024,02/05/2024,0.75,13.58,6.9,5.76,801.6,89,4.878,4.878,2.08,4.747,1.569
02/05/2024,02/05/2024,0.75,13.58,6.9,5.76,801.6,89,4.878,4.878,2.08,4.747,1.569
02/05/2024,02/05/2024,0.75,13.58,6.9,5.76,801.6,89,4.878,4.878,2.08,4.747,1.569
02/05/2024,02/05/2024,0.75,13.58,6.9,5.76,801.6,89,4.878,4.878,2.08,4.747,1.569
02/05/2024,02/05/2024,0.75,13.58,6.9,5.76,801.6,89,4.878,4.878,2.08,4.747,1.569
02/05/2024,03/05/2024,0.75,13.58,6.9,5.76,801.6,89,4.878,4.878,2.08,4.747,1.569
03/05/2024,03/05/2024,1,13.8,9.24,5.64,821.2,89,4.967,3.39,1.931,4.854,1.569
03/05/2024,03/05/2024,0.75,13.8,9.24,5.64,821.2,89,4.967,3.39,1.931,4.854,1.569
03/05/2024,03/05/2024,0.75,13.8,9.24,5.64,821.2,89,4.967,3.39,1.931,4.854,1.569
03/05/2024,03/05/2024,0.75,13.8,9.24,5.64,821.2,89,4.967,3.39,1.931,4.854,1.569
03/05/2024,03/05/2024,0.75,13.8,9.24,5.64,821.2,89,4.967,3.39,1.931,4.854,1.569
03/05/2024,03/05/2024,0.75,13.8,9.24,5.64,821.2,89,4.967,3.39,1.931,4.854,1.569
03/05/2024,03/05/2024,0.75,13.8,9.24,5.64,821.2,89,4.967,3.39,1.931,4.854,1.569
03/05/2024,03/05/2024,0.75,13.8,9.24,5.64,821.2,89,4.967,3.39,1.931,4.854,1.569
03/05/2024,03/05/2024,0.75,13.8,9.24,5.64,821.2,89,4.967,3.39,1.931,4.854,1.569
03/05/2024,03/05/2024,0.75,13.8,9.24,5.64,821.2,89,4.967,3.39,1.931,4.854,1.569
03/05/2024,03/05/2024,0.75,13.8,9.24,5.64,821.2,89,4.967,3.39,1.931,4.854,1.569
03/05/2024,03/05/2024,0.75,13.8,9.24,5.64,821.2,89,4.967,3.39,1.931,4.854,1.569
04/05/2024,04/05/2024,1,13.58,8.88,4.36,773,87,4.878,3.632,0.658,4.637,2.561
04/05/2024,04/05/2024,0.75,13.58,8.88,4.36,773,87,4.878,3.632,0.658,4.637,2.561
04/05/2024,04/05/2024,0.75,13.58,8.88,4.36,773,87,4.878,3.632,0.658,4.637,2.561
04/05/2024,04/05/2024,0.75,13.58,8.88,4.36,773,87,4.878,3.632,0.658,4.637,2.561
04/05/2024,04/05/2024,0.75,13.58,8.88,4.36,773,87,4.878,3.632,0.658,4.637,2.561
04/05/2024,04/05/2024,0.75,13.58,8.88,4.36,773,87,4.878,3.632,0.658,4.637,2.561
04/05/2024,04/05/2024,1,13.58,8.88,4.36,773,87,4.878,3.632,0.658,4.637,2.561
04/05/2024,04/05/2024,0.75,13.58,8.88,4.36,773,87,4.878,3.632,0.658,4.637,2.561
04/05/2024,04/05/2024,0.75,13.58,8.88,4.36,773,87,4.878,3.632,0.658,4.637,2.561
04/05/2024,04/05/2024,0.75,13.58,8.88,4.36,773,87,4.878,3.632,0.658,4.637,2.561
04/05/2024,04/05/2024,0.75,13.58,8.88,4.36,773,87,4.878,3.632,0.658,4.637,2.561
07/05/2024,07/05/2024,1,15.08,8.28,4.04,1331,78.4,4.253,4.036,0.368,3.092,2.536
07/05/2024,07/05/2024,0.75,15.08,8.28,4.04,1331,78.4,4.253,4.036,0.368,3.092,2.536
07/05/2024,07/05/2024,0.75,15.08,8.28,4.04,1331,78.4,4.253,4.036,0.368,3.092,2.536
07/05/2024,07/05/2024,0.75,15.08,8.28,4.04,1331,78.4,4.253,4.036,0.368,3.092,2.536
07/05/2024,07/05/2024,0.75,15.08,8.28,4.04,1331,78.4,4.253,4.036,0.368,3.092,2.536
07/05/2024,07/05/2024,0.75,15.08,8.28,4.04,1331,78.4,4.253,4.036,0.368,3.092,2.536
07/05/2024,07/05/2024,0.75,15.08,8.28,4.04,1331,78.4,4.253,4.036,0.368,3.092,2.536
07/05/2024,07/05/2024,0.75,15.08,8.28,4.04,1331,78.4,4.253,4.036,0.368,3.092,2.536
07/05/2024,07/05/2024,0.75,15.08,8.28,4.04,1331,78.4,4.253,4.036,0.368,3.092,2.536
07/05/2024,07/05/2024,1.75,15.08,8.28,4.04,1331,78.4,4.253,4.036,0.368,3.092,2.536
07/05/2024,07/05/2024,0.75,15.08,8.28,4.04,1331,78.4,4.253,4.036,0.368,3.092,2.536
07/05/2024,07/05/2024,0.75,15.08,8.28,4.04,1331,78.4,4.253,4.036,0.368,3.092,2.536
07/05/2024,08/05/2024,0.75,15.08,8.28,4.04,1331,78.4,4.253,4.036,0.368,3.092,2.536
08/05/2024,08/05/2024,1,16.46,9.28,5.78,1443.4,81,3.384,3.352,2.101,2.663,3.989
08/05/2024,08/05/2024,0.75,16.46,9.28,5.78,1443.4,81,3.384,3.352,2.101,2.663,3.989
08/05/2024,08/05/2024,0.75,16.46,9.28,5.78,1443.4,81,3.384,3.352,2.101,2.663,3.989
08/05/2024,08/05/2024,0.75,16.46,9.28,5.78,1443.4,81,3.384,3.352,2.101,2.663,3.989
08/05/2024,08/05/2024,1,16.46,9.28,5.78,1443.4,81,3.384,3.352,2.101,2.663,3.989
08/05/2024,08/05/2024,0.75,16.46,9.28,5.78,1443.4,81,3.384,3.352,2.101,2.663,3.989
08/05/2024,08/05/2024,1,16.46,9.28,5.78,1443.4,81,3.384,3.352,2.101,2.663,3.989
08/05/2024,08/05/2024,0.75,16.46,9.28,5.78,1443.4,81,3.384,3.352,2.101,2.663,3.989
08/05/2024,09/05/2024,0.75,16.46,9.28,5.78,1443.4,81,3.384,3.352,2.101,2.663,3.989
09/05/2024,09/05/2024,1,19.22,9.72,5.26,2064.2,78.8,1.353,3.012,1.513,0.829,2.736
09/05/2024,09/05/2024,4.75,19.22,9.72,5.26,2064.2,78.8,1.353,3.012,1.513,0.829,2.736
09/05/2024,09/05/2024,0.75,19.22,9.72,5.26,2064.2,78.8,1.353,3.012,1.513,0.829,2.736
09/05/2024,09/05/2024,0.75,19.22,9.72,5.26,2064.2,78.8,1.353,3.012,1.513,0.829,2.736
09/05/2024,09/05/2024,0.75,19.22,9.72,5.26,2064.2,78.8,1.353,3.012,1.513,0.829,2.736
09/05/2024,09/05/2024,0.75,19.22,9.72,5.26,2064.2,78.8,1.353,3.012,1.513,0.829,2.736
09/05/2024,09/05/2024,0.75,19.22,9.72,5.26,2064.2,78.8,1.353,3.012,1.513,0.829,2.736
09/05/2024,10/05/2024,5.75,19.22,9.72,5.26,2064.2,78.8,1.353,3.012,1.513,0.829,2.736
10/05/2024,10/05/2024,1,21.32,10.14,6.16,2565.4,69.8,0.455,2.681,2.559,0.199,0.338
10/05/2024,10/05/2024,0.75,21.32,10.14,6.16,2565.4,69.8,0.455,2.681,2.559,0.199,0.338
10/05/2024,10/05/2024,0.75,21.32,10.14,6.16,2565.4,69.8,0.455,2.681,2.559,0.199,0.338
10/05/2024,10/05/2024,0.75,21.32,10.14,6.16,2565.4,69.8,0.455,2.681,2.559,0.199,0.338
10/05/2024,10/05/2024,0.75,21.32,10.14,6.16,2565.4,69.8,0.455,2.681,2.559,0.199,0.338
10/05/2024,10/05/2024,0.75,21.32,10.14,6.16,2565.4,69.8,0.455,2.681,2.559,0.199,0.338
10/05/2024,10/05/2024,1,21.32,10.14,6.16,2565.4,69.8,0.455,2.681,2.559,0.199,0.338
10/05/2024,10/05/2024,0.75,21.32,10.14,6.16,2565.4,69.8,0.455,2.681,2.559,0.199,0.338
10/05/2024,10/05/2024,0.75,21.32,10.14,6.16,2565.4,69.8,0.455,2.681,2.559,0.199,0.338
10/05/2024,10/05/2024,0.75,21.32,10.14,6.16,2565.4,69.8,0.455,2.681,2.559,0.199,0.338
10/05/2024,10/05/2024,0.75,21.32,10.14,6.16,2565.4,69.8,0.455,2.681,2.559,0.199,0.338
10/05/2024,11/05/2024,0.75,21.32,10.14,6.16,2565.4,69.8,0.455,2.681,2.559,0.199,0.338
11/05/2024,11/05/2024,1,20.98,8.86,6,2304,75.8,0.532,3.647,2.373,0.455,1.458
11/05/2024,11/05/2024,0.75,20.98,8.86,6,2304,75.8,0.532,3.647,2.373,0.455,1.458
11/05/2024,11/05/2024,0.75,20.98,8.86,6,2304,75.8,0.532,3.647,2.373,0.455,1.458
11/05/2024,12/05/2024,0.75,20.98,8.86,6,2304,75.8,0.532,3.647,2.373,0.455,1.458
12/05/2024,12/05/2024,1,19.1,10.84,4.74,1673.8,80.4,1.446,2.079,0.997,1.885,3.66
12/05/2024,12/05/2024,0.75,19.1,10.84,4.74,1673.8,80.4,1.446,2.079,0.997,1.885,3.66
12/05/2024,12/05/2024,0.75,19.1,10.84,4.74,1673.8,80.4,1.446,2.079,0.997,1.885,3.66
12/05/2024,12/05/2024,0.75,19.1,10.84,4.74,1673.8,80.4,1.446,2.079,0.997,1.885,3.66
12/05/2024,12/05/2024,0.75,19.1,10.84,4.74,1673.8,80.4,1.446,2.079,0.997,1.885,3.66
12/05/2024,12/05/2024,0.75,19.1,10.84,4.74,1673.8,80.4,1.446,2.079,0.997,1.885,3.66
12/05/2024,12/05/2024,0.75,19.1,10.84,4.74,1673.8,80.4,1.446,2.079,0.997,1.885,3.66
12/05/2024,12/05/2024,0.75,19.1,10.84,4.74,1673.8,80.4,1.446,2.079,0.997,1.885,3.66
12/05/2024,12/05/2024,0.75,19.1,10.84,4.74,1673.8,80.4,1.446,2.079,0.997,1.885,3.66
12/05/2024,12/05/2024,2.75,19.1,10.84,4.74,1673.8,80.4,1.446,2.079,0.997,1.885,3.66
12/05/2024,12/05/2024,0.75,19.1,10.84,4.74,1673.8,80.4,1.446,2.079,0.997,1.885,3.66
12/05/2024,12/05/2024,0.75,19.1,10.84,4.74,1673.8,80.4,1.446,2.079,0.997,1.885,3.66
12/05/2024,12/05/2024,0.75,19.1,10.84,4.74,1673.8,80.4,1.446,2.079,0.997,1.885,3.66
12/05/2024,12/05/2024,0.75,19.1,10.84,4.74,1673.8,80.4,1.446,2.079,0.997,1.885,3.66
12/05/2024,12/05/2024,0.75,19.1,10.84,4.74,1673.8,80.4,1.446,2.079,0.997,1.885,3.66
12/05/2024,12/05/2024,0.75,19.1,10.84,4.74,1673.8,80.4,1.446,2.079,0.997,1.885,3.66
12/05/2024,13/05/2024,4.75,19.1,10.84,4.74,1673.8,80.4,1.446,2.079,0.997,1.885,3.66
13/05/2024,13/05/2024,1,15.14,9.98,8.86,717,91.2,4.226,2.809,4.335,4.4,0.722
13/05/2024,13/05/2024,0.75,15.14,9.98,8.86,717,91.2,4.226,2.809,4.335,4.4,0.722
13/05/2024,13/05/2024,0.75,15.14,9.98,8.86,717,91.2,4.226,2.809,4.335,4.4,0.722
13/05/2024,14/05/2024,0.75,15.14,9.98,8.86,717,91.2,4.226,2.809,4.335,4.4,0.722
14/05/2024,14/05/2024,11,16.76,10.06,6.32,1356.4,84.6,3.148,2.763,2.8,3.026,3.931
14/05/2024,14/05/2024,17,16.76,10.06,6.32,1356.4,84.6,3.148,2.763,2.8,3.026,3.931
14/05/2024,14/05/2024,1,16.76,10.06,6.32,1356.4,84.6,3.148,2.763,2.8,3.026,3.931
14/05/2024,14/05/2024,0.75,16.76,10.06,6.32,1356.4,84.6,3.148,2.763,2.8,3.026,3.931
14/05/2024,14/05/2024,0.75,16.76,10.06,6.32,1356.4,84.6,3.148,2.763,2.8,3.026,3.931
14/05/2024,14/05/2024,0.75,16.76,10.06,6.32,1356.4,84.6,3.148,2.763,2.8,3.026,3.931
14/05/2024,14/05/2024,0.75,16.76,10.06,6.32,1356.4,84.6,3.148,2.763,2.8,3.026,3.931
14/05/2024,14/05/2024,1,16.76,10.06,6.32,1356.4,84.6,3.148,2.763,2.8,3.026,3.931
14/05/2024,14/05/2024,0.75,16.76,10.06,6.32,1356.4,84.6,3.148,2.763,2.8,3.026,3.931
14/05/2024,14/05/2024,0.75,16.76,10.06,6.32,1356.4,84.6,3.148,2.763,2.8,3.026,3.931
14/05/2024,15/05/2024,4,16.76,10.06,6.32,1356.4,84.6,3.148,2.763,2.8,3.026,3.931
14/05/2024,15/05/2024,4,16.76,10.06,6.32,1356.4,84.6,3.148,2.763,2.8,3.026,3.931
14/05/2024,15/05/2024,4,16.76,10.06,6.32,1356.4,84.6,3.148,2.763,2.8,3.026,3.931
14/05/2024,15/05/2024,4,16.76,10.06,6.32,1356.4,84.6,3.148,2.763,2.8,3.026,3.931
14/05/2024,14/05/2024,0.75,16.76,10.06,6.32,1356.4,84.6,3.148,2.763,2.8,3.026,3.931
14/05/2024,14/05/2024,0.75,16.76,10.06,6.32,1356.4,84.6,3.148,2.763,2.8,3.026,3.931
14/05/2024,15/05/2024,0.75,16.76,10.06,6.32,1356.4,84.6,3.148,2.763,2.8,3.026,3.931
15/05/2024,15/05/2024,1,18.12,9.64,6.16,1920,79.6,2.031,3.074,2.559,1.133,3.159
15/05/2024,15/05/2024,9.75,18.12,9.64,6.16,1920,79.6,2.031,3.074,2.559,1.133,3.159
15/05/2024,15/05/2024,6.5,18.12,9.64,6.16,1920,79.6,2.031,3.074,2.559,1.133,3.159
15/05/2024,15/05/2024,1,18.12,9.64,6.16,1920,79.6,2.031,3.074,2.559,1.133,3.159
15/05/2024,15/05/2024,0.75,18.12,9.64,6.16,1920,79.6,2.031,3.074,2.559,1.133,3.159
15/05/2024,15/05/2024,0.75,18.12,9.64,6.16,1920,79.6,2.031,3.074,2.559,1.133,3.159
16/05/2024,16/05/2024,0.75,19.78,8.12,5.6,1803.8,82.8,1.013,4.177,1.878,1.486,4.997
16/05/2024,16/05/2024,1,19.78,8.12,5.6,1803.8,82.8,1.013,4.177,1.878,1.486,4.997
16/05/2024,16/05/2024,1,19.78,8.12,5.6,1803.8,82.8,1.013,4.177,1.878,1.486,4.997
16/05/2024,16/05/2024,6.75,19.78,8.12,5.6,1803.8,82.8,1.013,4.177,1.878,1.486,4.997
16/05/2024,16/05/2024,0.75,19.78,8.12,5.6,1803.8,82.8,1.013,4.177,1.878,1.486,4.997
16/05/2024,16/05/2024,0.75,19.78,8.12,5.6,1803.8,82.8,1.013,4.177,1.878,1.486,4.997
16/05/2024,16/05/2024,3.75,19.78,8.12,5.6,1803.8,82.8,1.013,4.177,1.878,1.486,4.997
16/05/2024,16/05/2024,0.75,19.78,8.12,5.6,1803.8,82.8,1.013,4.177,1.878,1.486,4.997
16/05/2024,16/05/2024,0.75,19.78,8.12,5.6,1803.8,82.8,1.013,4.177,1.878,1.486,4.997
16/05/2024,17/05/2024,0.75,19.78,8.12,5.6,1803.8,82.8,1.013,4.177,1.878,1.486,4.997
19/05/2024,19/05/2024,1,20.7,8.26,5.12,2528.6,79.6,0.63,4.056,1.364,0.226,3.159
19/05/2024,19/05/2024,0.75,20.7,8.26,5.12,2528.6,79.6,0.63,4.056,1.364,0.226,3.159
19/05/2024,19/05/2024,0.75,20.7,8.26,5.12,2528.6,79.6,0.63,4.056,1.364,0.226,3.159
19/05/2024,19/05/2024,0.75,20.7,8.26,5.12,2528.6,79.6,0.63,4.056,1.364,0.226,3.159
19/05/2024,20/05/2024,0.75,20.7,8.26,5.12,2528.6,79.6,0.63,4.056,1.364,0.226,3.159
20/05/2024,20/05/2024,0.75,20.38,8.7,4.64,2532.2,82.2,0.761,3.75,0.904,0.223,4.654
20/05/2024,20/05/2024,1,20.38,8.7,4.64,2532.2,82.2,0.761,3.75,0.904,0.223,4.654
20/05/2024,20/05/2024,4.75,20.38,8.7,4.64,2532.2,82.2,0.761,3.75,0.904,0.223,4.654
20/05/2024,20/05/2024,0.75,20.38,8.7,4.64,2532.2,82.2,0.761,3.75,0.904,0.223,4.654
20/05/2024,20/05/2024,0.75,20.38,8.7,4.64,2532.2,82.2,0.761,3.75,0.904,0.223,4.654
20/05/2024,20/05/2024,0.75,20.38,8.7,4.64,2532.2,82.2,0.761,3.75,0.904,0.223,4.654
20/05/2024,20/05/2024,0.75,20.38,8.7,4.64,2532.2,82.2,0.761,3.75,0.904,0.223,4.654
20/05/2024,20/05/2024,0.75,20.38,8.7,4.64,2532.2,82.2,0.761,3.75,0.904,0.223,4.654
20/05/2024,21/05/2024,5.75,20.38,8.7,4.64,2532.2,82.2,0.761,3.75,0.904,0.223,4.654
21/05/2024,21/05/2024,0.75,17.98,10.52,5,1548.8,84.2,2.148,2.365,1.257,2.295,4.189
21/05/2024,21/05/2024,1,17.98,10.52,5,1548.8,84.2,2.148,2.365,1.257,2.295,4.189
21/05/2024,22/05/2024,15.75,17.98,10.52,5,1548.8,84.2,2.148,2.365,1.257,2.295,4.189
22/05/2024,22/05/2024,0.75,16.78,10.08,10.22,1298.8,81.6,3.112,2.744,2.998,3.213,4.322
24/05/2024,24/05/2024,1,13.96,8.34,5.2,1419,77.2,4.889,3.986,1.437,2.75,1.996
24/05/2024,25/05/2024,14.75,13.96,8.34,5.2,1419,77.2,4.889,3.986,1.437,2.75,1.996
25/05/2024,25/05/2024,0.75,14.76,8.78,9.42,1302.6,80.2,4.427,3.688,3.755,3.193,3.523
27/05/2024,27/05/2024,1,15.66,8.68,6.84,1729.2,81,3.953,3.769,3.374,1.688,3.989
27/05/2024,27/05/2024,0.75,15.66,8.68,6.84,1729.2,81,3.953,3.769,3.374,1.688,3.989
27/05/2024,27/05/2024,0.75,15.66,8.68,6.84,1729.2,81,3.953,3.769,3.374,1.688,3.989
27/05/2024,27/05/2024,1,15.66,8.68,6.84,1729.2,81,3.953,3.769,3.374,1.688,3.989
27/05/2024,27/05/2024,0.75,15.66,8.68,6.84,1729.2,81,3.953,3.769,3.374,1.688,3.989
27/05/2024,27/05/2024,0.75,15.66,8.68,6.84,1729.2,81,3.953,3.769,3.374,1.688,3.989
27/05/2024,27/05/2024,0.75,15.66,8.68,6.84,1729.2,81,3.953,3.769,3.374,1.688,3.989
27/05/2024,27/05/2024,0.75,15.66,8.68,6.84,1729.2,81,3.953,3.769,3.374,1.688,3.989
27/05/2024,28/05/2024,0.75,15.66,8.68,6.84,1729.2,81,3.953,3.769,3.374,1.688,3.989
28/05/2024,28/05/2024,0.75,17.52,11.5,9.9,1276.8,84.6,2.51,1.585,3.296,3.3,3.931
29/05/2024,29/05/2024,1,16.62,11.1,9.7,1573.8,80.2,3.249,1.877,3.487,2.2,3.523
29/05/2024,29/05/2024,0.75,16.62,11.1,9.7,1573.8,80.2,3.249,1.877,3.487,2.2,3.523
01/06/2024,01/06/2024,1,18.66,7.66,5.84,2568.4,75.2,1.684,4.534,2.185,0.196,1.278
01/06/2024,01/06/2024,0.75,18.66,7.66,5.84,2568.4,75.2,1.684,4.534,2.185,0.196,1.278
01/06/2024,01/06/2024,0.75,18.66,7.66,5.84,2568.4,75.2,1.684,4.534,2.185,0.196,1.278
01/06/2024,01/06/2024,0.75,18.66,7.66,5.84,2568.4,75.2,1.684,4.534,2.185,0.196,1.278
01/06/2024,01/06/2024,0.75,18.66,7.66,5.84,2568.4,75.2,1.684,4.534,2.185,0.196,1.278
01/06/2024,01/06/2024,0.75,18.66,7.66,5.84,2568.4,75.2,1.684,4.534,2.185,0.196,1.278
01/06/2024,01/06/2024,0.75,18.66,7.66,5.84,2568.4,75.2,1.684,4.534,2.185,0.196,1.278
01/06/2024,01/06/2024,0.75,18.66,7.66,5.84,2568.4,75.2,1.684,4.534,2.185,0.196,1.278
01/06/2024,01/06/2024,0.75,18.66,7.66,5.84,2568.4,75.2,1.684,4.534,2.185,0.196,1.278
01/06/2024,01/06/2024,0.75,18.66,7.66,5.84,2568.4,75.2,1.684,4.534,2.185,0.196,1.278
01/06/2024,01/06/2024,0.75,18.66,7.66,5.84,2568.4,75.2,1.684,4.534,2.185,0.196,1.278
01/06/2024,01/06/2024,0.75,18.66,7.66,5.84,2568.4,75.2,1.684,4.534,2.185,0.196,1.278
01/06/2024,01/06/2024,0.75,18.66,7.66,5.84,2568.4,75.2,1.684,4.534,2.185,0.196,1.278
01/06/2024,01/06/2024,0.75,18.66,7.66,5.84,2568.4,75.2,1.684,4.534,2.185,0.196,1.278
01/06/2024,02/06/2024,0.75,18.66,7.66,5.84,2568.4,75.2,1.684,4.534,2.185,0.196,1.278
06/06/2024,06/06/2024,1,15.44,7.02,7.42,2077.2,71.4,4.084,4.973,4.058,0.785,0.526
06/06/2024,06/06/2024,2.75,15.44,7.02,7.42,2077.2,71.4,4.084,4.973,4.058,0.785,0.526
06/06/2024,06/06/2024,0.75,15.44,7.02,7.42,2077.2,71.4,4.084,4.973,4.058,0.785,0.526
06/06/2024,06/06/2024,0.75,15.44,7.02,7.42,2077.2,71.4,4.084,4.973,4.058,0.785,0.526
06/06/2024,06/06/2024,0.75,15.44,7.02,7.42,2077.2,71.4,4.084,4.973,4.058,0.785,0.526
06/06/2024,06/06/2024,0.75,15.44,7.02,7.42,2077.2,71.4,4.084,4.973,4.058,0.785,0.526
06/06/2024,06/06/2024,1,15.44,7.02,7.42,2077.2,71.4,4.084,4.973,4.058,0.785,0.526
06/06/2024,06/06/2024,0.75,15.44,7.02,7.42,2077.2,71.4,4.084,4.973,4.058,0.785,0.526
06/06/2024,06/06/2024,0.75,15.44,7.02,7.42,2077.2,71.4,4.084,4.973,4.058,0.785,0.526
06/06/2024,06/06/2024,0.75,15.44,7.02,7.42,2077.2,71.4,4.084,4.973,4.058,0.785,0.526
06/06/2024,06/06/2024,0.75,15.44,7.02,7.42,2077.2,71.4,4.084,4.973,4.058,0.785,0.526
06/06/2024,06/06/2024,0.75,15.44,7.02,7.42,2077.2,71.4,4.084,4.973,4.058,0.785,0.526
06/06/2024,06/06/2024,0.75,15.44,7.02,7.42,2077.2,71.4,4.084,4.973,4.058,0.785,0.526
06/06/2024,07/06/2024,0.75,15.44,7.02,7.42,2077.2,71.4,4.084,4.973,4.058,0.785,0.526
07/06/2024,07/06/2024,0.75,16.62,8.14,8.74,1690.8,75.6,3.249,4.163,4.453,1.825,1.404
11/06/2024,11/06/2024,1,15.4,5.54,6.5,2016.8,69.4,4.105,3.813,2.976,0.907,0.297
11/06/2024,11/06/2024,1,15.4,5.54,6.5,2016.8,69.4,4.105,3.813,2.976,0.907,0.297
11/06/2024,11/06/2024,0.75,15.4,5.54,6.5,2016.8,69.4,4.105,3.813,2.976,0.907,0.297
11/06/2024,11/06/2024,0.75,15.4,5.54,6.5,2016.8,69.4,4.105,3.813,2.976,0.907,0.297
11/06/2024,11/06/2024,0.75,15.4,5.54,6.5,2016.8,69.4,4.105,3.813,2.976,0.907,0.297
11/06/2024,11/06/2024,0.75,15.4,5.54,6.5,2016.8,69.4,4.105,3.813,2.976,0.907,0.297
11/06/2024,12/06/2024,0.75,15.4,5.54,6.5,2016.8,69.4,4.105,3.813,2.976,0.907,0.297
12/06/2024,12/06/2024,1,16.52,5.3,5.58,2203,70.2,3.32,3.633,1.858,0.606,0.368
12/06/2024,12/06/2024,0.75,16.52,5.3,5.58,2203,70.2,3.32,3.633,1.858,0.606,0.368
12/06/2024,12/06/2024,0.75,16.52,5.3,5.58,2203,70.2,3.32,3.633,1.858,0.606,0.368
12/06/2024,12/06/2024,0.75,16.52,5.3,5.58,2203,70.2,3.32,3.633,1.858,0.606,0.368
12/06/2024,12/06/2024,0.75,16.52,5.3,5.58,2203,70.2,3.32,3.633,1.858,0.606,0.368
12/06/2024,12/06/2024,0.75,16.52,5.3,5.58,2203,70.2,3.32,3.633,1.858,0.606,0.368
19/06/2024,19/06/2024,1,18.74,5.72,5.22,2807.6,70.4,1.631,3.956,1.46,0.065,0.394
19/06/2024,19/06/2024,0.75,18.74,5.72,5.22,2807.6,70.4,1.631,3.956,1.46,0.065,0.394
19/06/2024,19/06/2024,0.75,18.74,5.72,5.22,2807.6,70.4,1.631,3.956,1.46,0.065,0.394
19/06/2024,19/06/2024,0.75,18.74,5.72,5.22,2807.6,70.4,1.631,3.956,1.46,0.065,0.394
19/06/2024,19/06/2024,0.75,18.74,5.72,5.22,2807.6,70.4,1.631,3.956,1.46,0.065,0.394
19/06/2024,19/06/2024,1,18.74,5.72,5.22,2807.6,70.4,1.631,3.956,1.46,0.065,0.394
20/06/2024,20/06/2024,1,19.56,9.36,7.14,1882.6,78,1.139,3.265,3.75,1.246,2.36
20/06/2024,20/06/2024,0.75,19.56,9.36,7.14,1882.6,78,1.139,3.265,3.75,1.246,2.36
20/06/2024,20/06/2024,0.75,19.56,9.36,7.14,1882.6,78,1.139,3.265,3.75,1.246,2.36
20/06/2024,20/06/2024,0.75,19.56,9.36,7.14,1882.6,78,1.139,3.265,3.75,1.246,2.36
20/06/2024,20/06/2024,0.75,19.56,9.36,7.14,1882.6,78,1.139,3.265,3.75,1.246,2.36
23/06/2024,23/06/2024,1,20.78,12.28,5.94,2470,76.4,0.6,1.078,2.309,0.273,1.7
23/06/2024,23/06/2024,0.75,20.78,12.28,5.94,2470,76.4,0.6,1.078,2.309,0.273,1.7
23/06/2024,23/06/2024,0.75,20.78,12.28,5.94,2470,76.4,0.6,1.078,2.309,0.273,1.7
23/06/2024,23/06/2024,0.75,20.78,12.28,5.94,2470,76.4,0.6,1.078,2.309,0.273,1.7
23/06/2024,23/06/2024,0.75,20.78,12.28,5.94,2470,76.4,0.6,1.078,2.309,0.273,1.7
23/06/2024,23/06/2024,1,20.78,12.28,5.94,2470,76.4,0.6,1.078,2.309,0.273,1.7
23/06/2024,23/06/2024,0.75,20.78,12.28,5.94,2470,76.4,0.6,1.078,2.309,0.273,1.7
23/06/2024,23/06/2024,0.75,20.78,12.28,5.94,2470,76.4,0.6,1.078,2.309,0.273,1.7
23/06/2024,23/06/2024,0.75,20.78,12.28,5.94,2470,76.4,0.6,1.078,2.309,0.273,1.7
23/06/2024,24/06/2024,1.75,20.78,12.28,5.94,2470,76.4,0.6,1.078,2.309,0.273,1.7
24/06/2024,24/06/2024,1,22.6,14.86,7.12,1894.6,81.4,0.223,0.119,3.719,1.204,4.224
24/06/2024,24/06/2024,0.75,22.6,14.86,7.12,1894.6,81.4,0.223,0.119,3.719,1.204,4.224
24/06/2024,24/06/2024,0.75,22.6,14.86,7.12,1894.6,81.4,0.223,0.119,3.719,1.204,4.224
25/06/2024,25/06/2024,1,18.9,12.08,5.94,1253,84.8,1.541,1.182,2.309,3.398,3.802
25/06/2024,25/06/2024,0.75,18.9,12.08,5.94,1253,84.8,1.541,1.182,2.309,3.398,3.802
25/06/2024,25/06/2024,0.75,18.9,12.08,5.94,1253,84.8,1.541,1.182,2.309,3.398,3.802
25/06/2024,25/06/2024,0.75,18.9,12.08,5.94,1253,84.8,1.541,1.182,2.309,3.398,3.802
25/06/2024,25/06/2024,1,18.9,12.08,5.94,1253,84.8,1.541,1.182,2.309,3.398,3.802
25/06/2024,25/06/2024,6.75,18.9,12.08,5.94,1253,84.8,1.541,1.182,2.309,3.398,3.802
25/06/2024,25/06/2024,0.75,18.9,12.08,5.94,1253,84.8,1.541,1.182,2.309,3.398,3.802
25/06/2024,25/06/2024,0.75,18.9,12.08,5.94,1253,84.8,1.541,1.182,2.309,3.398,3.802
25/06/2024,25/06/2024,0.75,18.9,12.08,5.94,1253,84.8,1.541,1.182,2.309,3.398,3.802
25/06/2024,25/06/2024,0.75,18.9,12.08,5.94,1253,84.8,1.541,1.182,2.309,3.398,3.802
25/06/2024,25/06/2024,0.75,18.9,12.08,5.94,1253,84.8,1.541,1.182,2.309,3.398,3.802
25/06/2024,25/06/2024,0.75,18.9,12.08,5.94,1253,84.8,1.541,1.182,2.309,3.398,3.802
25/06/2024,25/06/2024,0.75,18.9,12.08,5.94,1253,84.8,1.541,1.182,2.309,3.398,3.802
25/06/2024,25/06/2024,0.75,18.9,12.08,5.94,1253,84.8,1.541,1.182,2.309,3.398,3.802
25/06/2024,26/06/2024,0.75,18.9,12.08,5.94,1253,84.8,1.541,1.182,2.309,3.398,3.802
26/06/2024,26/06/2024,0.75,20.68,10.06,8.32,1660.2,76.4,0.636,2.763,4.889,1.953,1.7
29/06/2024,29/06/2024,1,16.74,9.72,6.68,1355.8,86,3.171,3.012,3.18,3.029,3.095
29/06/2024,29/06/2024,0.75,16.74,9.72,6.68,1355.8,86,3.171,3.012,3.18,3.029,3.095
29/06/2024,29/06/2024,0.75,16.74,9.72,6.68,1355.8,86,3.171,3.012,3.18,3.029,3.095
29/06/2024,29/06/2024,0.75,16.74,9.72,6.68,1355.8,86,3.171,3.012,3.18,3.029,3.095
29/06/2024,29/06/2024,0.75,16.74,9.72,6.68,1355.8,86,3.171,3.012,3.18,3.029,3.095
29/06/2024,29/06/2024,0.75,16.74,9.72,6.68,1355.8,86,3.171,3.012,3.18,3.029,3.095
29/06/2024,29/06/2024,0.75,16.74,9.72,6.68,1355.8,86,3.171,3.012,3.18,3.029,3.095
02/07/2024,02/07/2024,1,17.64,9.56,7.12,1433.2,74.2,2.422,3.119,3.719,2.705,1.022
02/07/2024,02/07/2024,0.75,17.64,9.56,7.12,1433.2,74.2,2.422,3.119,3.719,2.705,1.022
02/07/2024,02/07/2024,3.75,17.64,9.56,7.12,1433.2,74.2,2.422,3.119,3.719,2.705,1.022
02/07/2024,02/07/2024,0.75,17.64,9.56,7.12,1433.2,74.2,2.422,3.119,3.719,2.705,1.022
02/07/2024,02/07/2024,0.75,17.64,9.56,7.12,1433.2,74.2,2.422,3.119,3.719,2.705,1.022
05/07/2024,05/07/2024,1,16.54,9.18,7.14,1709.4,76.6,3.3,3.437,3.75,1.76,1.776
05/07/2024,05/07/2024,0.75,16.54,9.18,7.14,1709.4,76.6,3.3,3.437,3.75,1.76,1.776
05/07/2024,05/07/2024,0.75,16.54,9.18,7.14,1709.4,76.6,3.3,3.437,3.75,1.76,1.776
05/07/2024,05/07/2024,0.75,16.54,9.18,7.14,1709.4,76.6,3.3,3.437,3.75,1.76,1.776
05/07/2024,05/07/2024,0.75,16.54,9.18,7.14,1709.4,76.6,3.3,3.437,3.75,1.76,1.776
05/07/2024,05/07/2024,0.75,16.54,9.18,7.14,1709.4,76.6,3.3,3.437,3.75,1.76,1.776
05/07/2024,05/07/2024,0.75,16.54,9.18,7.14,1709.4,76.6,3.3,3.437,3.75,1.76,1.776
05/07/2024,05/07/2024,0.75,16.54,9.18,7.14,1709.4,76.6,3.3,3.437,3.75,1.76,1.776
05/07/2024,05/07/2024,0.75,16.54,9.18,7.14,1709.4,76.6,3.3,3.437,3.75,1.76,1.776
05/07/2024,05/07/2024,0.75,16.54,9.18,7.14,1709.4,76.6,3.3,3.437,3.75,1.76,1.776
05/07/2024,05/07/2024,0.75,16.54,9.18,7.14,1709.4,76.6,3.3,3.437,3.75,1.76,1.776
05/07/2024,05/07/2024,0.75,16.54,9.18,7.14,1709.4,76.6,3.3,3.437,3.75,1.76,1.776
05/07/2024,05/07/2024,0.75,16.54,9.18,7.14,1709.4,76.6,3.3,3.437,3.75,1.76,1.776
05/07/2024,05/07/2024,0.75,16.54,9.18,7.14,1709.4,76.6,3.3,3.437,3.75,1.76,1.776
05/07/2024,05/07/2024,0.75,16.54,9.18,7.14,1709.4,76.6,3.3,3.437,3.75,1.76,1.776
05/07/2024,05/07/2024,0.75,16.54,9.18,7.14,1709.4,76.6,3.3,3.437,3.75,1.76,1.776
07/07/2024,07/07/2024,1,17.36,9.56,4.12,2059,79.8,2.631,3.119,0.445,0.841,3.287
07/07/2024,07/07/2024,0.75,17.36,9.56,4.12,2059,79.8,2.631,3.119,0.445,0.841,3.287
07/07/2024,07/07/2024,0.75,17.36,9.56,4.12,2059,79.8,2.631,3.119,0.445,0.841,3.287
07/07/2024,07/07/2024,0.75,17.36,9.56,4.12,2059,79.8,2.631,3.119,0.445,0.841,3.287
07/07/2024,07/07/2024,0.75,17.36,9.56,4.12,2059,79.8,2.631,3.119,0.445,0.841,3.287
07/07/2024,07/07/2024,0.75,17.36,9.56,4.12,2059,79.8,2.631,3.119,0.445,0.841,3.287
07/07/2024,07/07/2024,0.75,17.36,9.56,4.12,2059,79.8,2.631,3.119,0.445,0.841,3.287
07/07/2024,07/07/2024,0.75,17.36,9.56,4.12,2059,79.8,2.631,3.119,0.445,0.841,3.287
07/07/2024,07/07/2024,0.75,17.36,9.56,4.12,2059,79.8,2.631,3.119,0.445,0.841,3.287
07/07/2024,08/07/2024,0.75,17.36,9.56,4.12,2059,79.8,2.631,3.119,0.445,0.841,3.287
08/07/2024,08/07/2024,1,18.26,7.24,5.48,2362.4,77.8,1.935,4.846,1.727,0.386,2.26
08/07/2024,08/07/2024,0.75,18.26,7.24,5.48,2362.4,77.8,1.935,4.846,1.727,0.386,2.26
08/07/2024,08/07/2024,1.75,18.26,7.24,5.48,2362.4,77.8,1.935,4.846,1.727,0.386,2.26
08/07/2024,08/07/2024,0.75,18.26,7.24,5.48,2362.4,77.8,1.935,4.846,1.727,0.386,2.26
08/07/2024,08/07/2024,6.75,18.26,7.24,5.48,2362.4,77.8,1.935,4.846,1.727,0.386,2.26
08/07/2024,08/07/2024,0.75,18.26,7.24,5.48,2362.4,77.8,1.935,4.846,1.727,0.386,2.26
08/07/2024,08/07/2024,0.75,18.26,7.24,5.48,2362.4,77.8,1.935,4.846,1.727,0.386,2.26
08/07/2024,08/07/2024,0.75,18.26,7.24,5.48,2362.4,77.8,1.935,4.846,1.727,0.386,2.26
08/07/2024,08/07/2024,0.75,18.26,7.24,5.48,2362.4,77.8,1.935,4.846,1.727,0.386,2.26
08/07/2024,08/07/2024,0.75,18.26,7.24,5.48,2362.4,77.8,1.935,4.846,1.727,0.386,2.26
08/07/2024,08/07/2024,0.75,18.26,7.24,5.48,2362.4,77.8,1.935,4.846,1.727,0.386,2.26
08/07/2024,08/07/2024,0.75,18.26,7.24,5.48,2362.4,77.8,1.935,4.846,1.727,0.386,2.26
08/07/2024,08/07/2024,0.75,18.26,7.24,5.48,2362.4,77.8,1.935,4.846,1.727,0.386,2.26
08/07/2024,09/07/2024,0.75,18.26,7.24,5.48,2362.4,77.8,1.935,4.846,1.727,0.386,2.26
09/07/2024,09/07/2024,1,16.36,11.56,8.24,763.4,86.4,3.468,1.519,4.96,4.593,2.875
09/07/2024,09/07/2024,1.75,16.36,11.56,8.24,763.4,86.4,3.468,1.519,4.96,4.593,2.875
09/07/2024,09/07/2024,0.75,16.36,11.56,8.24,763.4,86.4,3.468,1.519,4.96,4.593,2.875
09/07/2024,09/07/2024,0.75,16.36,11.56,8.24,763.4,86.4,3.468,1.519,4.96,4.593,2.875
09/07/2024,09/07/2024,0.75,16.36,11.56,8.24,763.4,86.4,3.468,1.519,4.96,4.593,2.875
09/07/2024,09/07/2024,0.75,16.36,11.56,8.24,763.4,86.4,3.468,1.519,4.96,4.593,2.875
09/07/2024,09/07/2024,0.75,16.36,11.56,8.24,763.4,86.4,3.468,1.519,4.96,4.593,2.875
09/07/2024,09/07/2024,0.75,16.36,11.56,8.24,763.4,86.4,3.468,1.519,4.96,4.593,2.875
09/07/2024,09/07/2024,0.75,16.36,11.56,8.24,763.4,86.4,3.468,1.519,4.96,4.593,2.875
09/07/2024,09/07/2024,0.75,16.36,11.56,8.24,763.4,86.4,3.468,1.519,4.96,4.593,2.875
09/07/2024,09/07/2024,0.75,16.36,11.56,8.24,763.4,86.4,3.468,1.519,4.96,4.593,2.875
09/07/2024,09/07/2024,0.75,16.36,11.56,8.24,763.4,86.4,3.468,1.519,4.96,4.593,2.875
09/07/2024,09/07/2024,0.75,16.36,11.56,8.24,763.4,86.4,3.468,1.519,4.96,4.593,2.875
09/07/2024,09/07/2024,0.75,16.36,11.56,8.24,763.4,86.4,3.468,1.519,4.96,4.593,2.875
11/07/2024,11/07/2024,1,17.44,10.76,9.54,1746.2,75.4,2.576,2.152,3.637,1.62,1.341
11/07/2024,11/07/2024,0.75,17.44,10.76,9.54,1746.2,75.4,2.576,2.152,3.637,1.62,1.341
11/07/2024,11/07/2024,0.75,17.44,10.76,9.54,1746.2,75.4,2.576,2.152,3.637,1.62,1.341
11/07/2024,11/07/2024,0.75,17.44,10.76,9.54,1746.2,75.4,2.576,2.152,3.637,1.62,1.341
11/07/2024,11/07/2024,0.75,17.44,10.76,9.54,1746.2,75.4,2.576,2.152,3.637,1.62,1.341
11/07/2024,11/07/2024,0.75,17.44,10.76,9.54,1746.2,75.4,2.576,2.152,3.637,1.62,1.341
12/07/2024,12/07/2024,1,17.02,10.86,6.68,1376.2,76.6,2.889,2.055,3.18,2.94,1.776
12/07/2024,12/07/2024,0.75,17.02,10.86,6.68,1376.2,76.6,2.889,2.055,3.18,2.94,1.776
12/07/2024,12/07/2024,0.75,17.02,10.86,6.68,1376.2,76.6,2.889,2.055,3.18,2.94,1.776
12/07/2024,12/07/2024,0.75,17.02,10.86,6.68,1376.2,76.6,2.889,2.055,3.18,2.94,1.776
12/07/2024,12/07/2024,0.75,17.02,10.86,6.68,1376.2,76.6,2.889,2.055,3.18,2.94,1.776
12/07/2024,12/07/2024,5.75,17.02,10.86,6.68,1376.2,76.6,2.889,2.055,3.18,2.94,1.776
12/07/2024,12/07/2024,0.75,17.02,10.86,6.68,1376.2,76.6,2.889,2.055,3.18,2.94,1.776
12/07/2024,12/07/2024,0.75,17.02,10.86,6.68,1376.2,76.6,2.889,2.055,3.18,2.94,1.776
12/07/2024,12/07/2024,0.75,17.02,10.86,6.68,1376.2,76.6,2.889,2.055,3.18,2.94,1.776
12/07/2024,12/07/2024,0.75,17.02,10.86,6.68,1376.2,76.6,2.889,2.055,3.18,2.94,1.776
12/07/2024,12/07/2024,0.75,17.02,10.86,6.68,1376.2,76.6,2.889,2.055,3.18,2.94,1.776
12/07/2024,13/07/2024,0.75,17.02,10.86,6.68,1376.2,76.6,2.889,2.055,3.18,2.94,1.776
13/07/2024,13/07/2024,0.75,19.62,11.22,4.46,1883.8,81,1.096,1.788,0.719,1.231,3.989
13/07/2024,13/07/2024,0.75,19.62,11.22,4.46,1883.8,81,1.096,1.788,0.719,1.231,3.989
13/07/2024,13/07/2024,0.75,19.62,11.22,4.46,1883.8,81,1.096,1.788,0.719,1.231,3.989
13/07/2024,13/07/2024,0.75,19.62,11.22,4.46,1883.8,81,1.096,1.788,0.719,1.231,3.989
13/07/2024,13/07/2024,0.75,19.62,11.22,4.46,1883.8,81,1.096,1.788,0.719,1.231,3.989
13/07/2024,13/07/2024,0.75,19.62,11.22,4.46,1883.8,81,1.096,1.788,0.719,1.231,3.989
13/07/2024,13/07/2024,0.75,19.62,11.22,4.46,1883.8,81,1.096,1.788,0.719,1.231,3.989
13/07/2024,13/07/2024,0.75,19.62,11.22,4.46,1883.8,81,1.096,1.788,0.719,1.231,3.989
13/07/2024,13/07/2024,0.75,19.62,11.22,4.46,1883.8,81,1.096,1.788,0.719,1.231,3.989
13/07/2024,13/07/2024,0.75,19.62,11.22,4.46,1883.8,81,1.096,1.788,0.719,1.231,3.989
13/07/2024,13/07/2024,0.75,19.62,11.22,4.46,1883.8,81,1.096,1.788,0.719,1.231,3.989
13/07/2024,13/07/2024,0.75,19.62,11.22,4.46,1883.8,81,1.096,1.788,0.719,1.231,3.989
13/07/2024,13/07/2024,0.75,19.62,11.22,4.46,1883.8,81,1.096,1.788,0.719,1.231,3.989
13/07/2024,13/07/2024,0.75,19.62,11.22,4.46,1883.8,81,1.096,1.788,0.719,1.231,3.989
13/07/2024,13/07/2024,0.75,19.62,11.22,4.46,1883.8,81,1.096,1.788,0.719,1.231,3.989
13/07/2024,13/07/2024,0.75,19.62,11.22,4.46,1883.8,81,1.096,1.788,0.719,1.231,3.989
13/07/2024,13/07/2024,0.75,19.62,11.22,4.46,1883.8,81,1.096,1.788,0.719,1.231,3.989
13/07/2024,13/07/2024,0.75,19.62,11.22,4.46,1883.8,81,1.096,1.788,0.719,1.231,3.989
13/07/2024,13/07/2024,0.75,19.62,11.22,4.46,1883.8,81,1.096,1.788,0.719,1.231,3.989
13/07/2024,13/07/2024,0.75,19.62,11.22,4.46,1883.8,81,1.096,1.788,0.719,1.231,3.989
13/07/2024,13/07/2024,0.75,19.62,11.22,4.46,1883.8,81,1.096,1.788,0.719,1.231,3.989
13/07/2024,13/07/2024,0.75,19.62,11.22,4.46,1883.8,81,1.096,1.788,0.719,1.231,3.989
13/07/2024,14/07/2024,0.75,19.62,11.22,4.46,1883.8,81,1.096,1.788,0.719,1.231,3.989
14/07/2024,14/07/2024,0.75,19.36,10.52,3.52,1684.4,82.4,1.235,2.365,0.122,1.849,4.759
14/07/2024,14/07/2024,1,19.36,10.52,3.52,1684.4,82.4,1.235,2.365,0.122,1.849,4.759
14/07/2024,14/07/2024,0.75,19.36,10.52,3.52,1684.4,82.4,1.235,2.365,0.122,1.849,4.759
14/07/2024,14/07/2024,0.75,19.36,10.52,3.52,1684.4,82.4,1.235,2.365,0.122,1.849,4.759
14/07/2024,14/07/2024,0.75,19.36,10.52,3.52,1684.4,82.4,1.235,2.365,0.122,1.849,4.759
14/07/2024,14/07/2024,0.75,19.36,10.52,3.52,1684.4,82.4,1.235,2.365,0.122,1.849,4.759
14/07/2024,14/07/2024,0.75,19.36,10.52,3.52,1684.4,82.4,1.235,2.365,0.122,1.849,4.759
14/07/2024,14/07/2024,0.75,19.36,10.52,3.52,1684.4,82.4,1.235,2.365,0.122,1.849,4.759
14/07/2024,14/07/2024,0.75,19.36,10.52,3.52,1684.4,82.4,1.235,2.365,0.122,1.849,4.759
14/07/2024,14/07/2024,0.75,19.36,10.52,3.52,1684.4,82.4,1.235,2.365,0.122,1.849,4.759
14/07/2024,14/07/2024,0.75,19.36,10.52,3.52,1684.4,82.4,1.235,2.365,0.122,1.849,4.759
14/07/2024,14/07/2024,0.75,19.36,10.52,3.52,1684.4,82.4,1.235,2.365,0.122,1.849,4.759
14/07/2024,14/07/2024,0.75,19.36,10.52,3.52,1684.4,82.4,1.235,2.365,0.122,1.849,4.759
14/07/2024,14/07/2024,0.75,19.36,10.52,3.52,1684.4,82.4,1.235,2.365,0.122,1.849,4.759
14/07/2024,14/07/2024,0.75,19.36,10.52,3.52,1684.4,82.4,1.235,2.365,0.122,1.849,4.759
14/07/2024,14/07/2024,0.75,19.36,10.52,3.52,1684.4,82.4,1.235,2.365,0.122,1.849,4.759
14/07/2024,14/07/2024,0.75,19.36,10.52,3.52,1684.4,82.4,1.235,2.365,0.122,1.849,4.759
14/07/2024,14/07/2024,0.75,19.36,10.52,3.52,1684.4,82.4,1.235,2.365,0.122,1.849,4.759
14/07/2024,14/07/2024,0.75,19.36,10.52,3.52,1684.4,82.4,1.235,2.365,0.122,1.849,4.759
14/07/2024,14/07/2024,1.75,19.36,10.52,3.52,1684.4,82.4,1.235,2.365,0.122,1.849,4.759
14/07/2024,15/07/2024,0.75,19.36,10.52,3.52,1684.4,82.4,1.235,2.365,0.122,1.849,4.759
15/07/2024,15/07/2024,0.75,17.74,10.1,4.52,1295.6,85.6,2.32,2.718,0.772,3.231,3.332
15/07/2024,15/07/2024,0.75,17.74,10.1,4.52,1295.6,85.6,2.32,2.718,0.772,3.231,3.332
15/07/2024,15/07/2024,0.75,17.74,10.1,4.52,1295.6,85.6,2.32,2.718,0.772,3.231,3.332
15/07/2024,15/07/2024,12.75,17.74,10.1,4.52,1295.6,85.6,2.32,2.718,0.772,3.231,3.332
15/07/2024,16/07/2024,0.75,17.74,10.1,4.52,1295.6,85.6,2.32,2.718,0.772,3.231,3.332
16/07/2024,16/07/2024,0.75,19.46,12.56,6.7,1562.6,79.8,1.185,0.896,3.21,2.247,3.287
16/07/2024,16/07/2024,1,19.46,12.56,6.7,1562.6,79.8,1.185,0.896,3.21,2.247,3.287
16/07/2024,16/07/2024,0.75,19.46,12.56,6.7,1562.6,79.8,1.185,0.896,3.21,2.247,3.287
16/07/2024,16/07/2024,0.75,19.46,12.56,6.7,1562.6,79.8,1.185,0.896,3.21,2.247,3.287
16/07/2024,16/07/2024,0.75,19.46,12.56,6.7,1562.6,79.8,1.185,0.896,3.21,2.247,3.287
16/07/2024,16/07/2024,0.75,19.46,12.56,6.7,1562.6,79.8,1.185,0.896,3.21,2.247,3.287
16/07/2024,16/07/2024,0.75,19.46,12.56,6.7,1562.6,79.8,1.185,0.896,3.21,2.247,3.287
16/07/2024,16/07/2024,0.75,19.46,12.56,6.7,1562.6,79.8,1.185,0.896,3.21,2.247,3.287
16/07/2024,16/07/2024,1,19.46,12.56,6.7,1562.6,79.8,1.185,0.896,3.21,2.247,3.287
16/07/2024,16/07/2024,0.75,19.46,12.56,6.7,1562.6,79.8,1.185,0.896,3.21,2.247,3.287
16/07/2024,16/07/2024,0.75,19.46,12.56,6.7,1562.6,79.8,1.185,0.896,3.21,2.247,3.287
16/07/2024,16/07/2024,0.75,19.46,12.56,6.7,1562.6,79.8,1.185,0.896,3.21,2.247,3.287
16/07/2024,16/07/2024,0.75,19.46,12.56,6.7,1562.6,79.8,1.185,0.896,3.21,2.247,3.287
16/07/2024,16/07/2024,0.75,19.46,12.56,6.7,1562.6,79.8,1.185,0.896,3.21,2.247,3.287
16/07/2024,17/07/2024,0.75,19.46,12.56,6.7,1562.6,79.8,1.185,0.896,3.21,2.247,3.287
17/07/2024,17/07/2024,0.75,19.54,11.32,7.62,1370.2,80.6,1.152,1.731,4.278,2.967,3.773
17/07/2024,17/07/2024,1,19.54,11.32,7.62,1370.2,80.6,1.152,1.731,4.278,2.967,3.773
18/07/2024,18/07/2024,1,18.68,13.54,7.16,1062,88,1.671,0.44,3.772,4.156,2.032
18/07/2024,18/07/2024,0.75,18.68,13.54,7.16,1062,88,1.671,0.44,3.772,4.156,2.032
18/07/2024,18/07/2024,0.75,18.68,13.54,7.16,1062,88,1.671,0.44,3.772,4.156,2.032
18/07/2024,18/07/2024,0.75,18.68,13.54,7.16,1062,88,1.671,0.44,3.772,4.156,2.032
18/07/2024,18/07/2024,0.75,18.68,13.54,7.16,1062,88,1.671,0.44,3.772,4.156,2.032
18/07/2024,18/07/2024,0.75,18.68,13.54,7.16,1062,88,1.671,0.44,3.772,4.156,2.032
18/07/2024,19/07/2024,0.75,18.68,13.54,7.16,1062,88,1.671,0.44,3.772,4.156,2.032
19/07/2024,19/07/2024,1,20.58,13.64,9.18,1411,82.4,0.686,0.413,3.943,2.779,4.759
19/07/2024,19/07/2024,2.75,20.58,13.64,9.18,1411,82.4,0.686,0.413,3.943,2.779,4.759
19/07/2024,19/07/2024,0.75,20.58,13.64,9.18,1411,82.4,0.686,0.413,3.943,2.779,4.759
19/07/2024,19/07/2024,0.75,20.58,13.64,9.18,1411,82.4,0.686,0.413,3.943,2.779,4.759
19/07/2024,19/07/2024,0.75,20.58,13.64,9.18,1411,82.4,0.686,0.413,3.943,2.779,4.759
22/07/2024,22/07/2024,1,19.86,13.62,6.4,1321.6,86.8,0.978,0.419,2.877,3.114,2.677
22/07/2024,22/07/2024,3.75,19.86,13.62,6.4,1321.6,86.8,0.978,0.419,2.877,3.114,2.677
22/07/2024,22/07/2024,0.75,19.86,13.62,6.4,1321.6,86.8,0.978,0.419,2.877,3.114,2.677
22/07/2024,22/07/2024,0.75,19.86,13.62,6.4,1321.6,86.8,0.978,0.419,2.877,3.114,2.677
22/07/2024,22/07/2024,0.75,19.86,13.62,6.4,1321.6,86.8,0.978,0.419,2.877,3.114,2.677
22/07/2024,22/07/2024,0.75,19.86,13.62,6.4,1321.6,86.8,0.978,0.419,2.877,3.114,2.677
22/07/2024,22/07/2024,0.75,19.86,13.62,6.4,1321.6,86.8,0.978,0.419,2.877,3.114,2.677
22/07/2024,22/07/2024,0.75,19.86,13.62,6.4,1321.6,86.8,0.978,0.419,2.877,3.114,2.677
22/07/2024,22/07/2024,0.75,19.86,13.62,6.4,1321.6,86.8,0.978,0.419,2.877,3.114,2.677
23/07/2024,23/07/2024,1,20.04,12.56,4.56,1668.4,81.4,0.927,0.896,0.804,1.911,4.224
23/07/2024,24/07/2024,15.75,20.04,12.56,4.56,1668.4,81.4,0.927,0.896,0.804,1.911,4.224
24/07/2024,24/07/2024,0.75,19.56,13.5,7.28,958.4,90.8,1.139,0.469,3.874,4.575,0.86
24/07/2024,24/07/2024,1,19.56,13.5,7.28,958.4,90.8,1.139,0.469,3.874,4.575,0.86
24/07/2024,24/07/2024,1.75,19.56,13.5,7.28,958.4,90.8,1.139,0.469,3.874,4.575,0.86
25/07/2024,25/07/2024,1,19.56,12.08,8.4,1439.4,82,1.139,1.182,4.804,2.678,4.555
26/07/2024,26/07/2024,1,18.92,10.64,7.12,1679.6,78.8,1.53,2.263,3.719,1.867,2.736
26/07/2024,26/07/2024,0.75,18.92,10.64,7.12,1679.6,78.8,1.53,2.263,3.719,1.867,2.736
26/07/2024,26/07/2024,0.75,18.92,10.64,7.12,1679.6,78.8,1.53,2.263,3.719,1.867,2.736
26/07/2024,26/07/2024,1,18.92,10.64,7.12,1679.6,78.8,1.53,2.263,3.719,1.867,2.736
26/07/2024,26/07/2024,0.75,18.92,10.64,7.12,1679.6,78.8,1.53,2.263,3.719,1.867,2.736
26/07/2024,26/07/2024,0.75,18.92,10.64,7.12,1679.6,78.8,1.53,2.263,3.719,1.867,2.736
26/07/2024,27/07/2024,0.75,18.92,10.64,7.12,1679.6,78.8,1.53,2.263,3.719,1.867,2.736
27/07/2024,27/07/2024,1,20.2,12.18,6.34,1774.2,80.2,0.847,1.123,2.825,1.536,3.523
27/07/2024,27/07/2024,0.75,20.2,12.18,6.34,1774.2,80.2,0.847,1.123,2.825,1.536,3.523
27/07/2024,27/07/2024,1,20.2,12.18,6.34,1774.2,80.2,0.847,1.123,2.825,1.536,3.523
27/07/2024,27/07/2024,0.75,20.2,12.18,6.34,1774.2,80.2,0.847,1.123,2.825,1.536,3.523
27/07/2024,27/07/2024,1,20.2,12.18,6.34,1774.2,80.2,0.847,1.123,2.825,1.536,3.523
27/07/2024,28/07/2024,0.75,20.2,12.18,6.34,1774.2,80.2,0.847,1.123,2.825,1.536,3.523
28/07/2024,28/07/2024,1,21.02,9.82,6.1,2284,78.8,0.517,2.938,2.484,0.473,2.736
28/07/2024,28/07/2024,0.75,21.02,9.82,6.1,2284,78.8,0.517,2.938,2.484,0.473,2.736
28/07/2024,28/07/2024,0.75,21.02,9.82,6.1,2284,78.8,0.517,2.938,2.484,0.473,2.736
28/07/2024,28/07/2024,0.75,21.02,9.82,6.1,2284,78.8,0.517,2.938,2.484,0.473,2.736
28/07/2024,28/07/2024,0.75,21.02,9.82,6.1,2284,78.8,0.517,2.938,2.484,0.473,2.736
28/07/2024,28/07/2024,0.75,21.02,9.82,6.1,2284,78.8,0.517,2.938,2.484,0.473,2.736
28/07/2024,28/07/2024,0.75,21.02,9.82,6.1,2284,78.8,0.517,2.938,2.484,0.473,2.736
28/07/2024,28/07/2024,0.75,21.02,9.82,6.1,2284,78.8,0.517,2.938,2.484,0.473,2.736
28/07/2024,28/07/2024,0.75,21.02,9.82,6.1,2284,78.8,0.517,2.938,2.484,0.473,2.736
28/07/2024,28/07/2024,0.75,21.02,9.82,6.1,2284,78.8,0.517,2.938,2.484,0.473,2.736
28/07/2024,28/07/2024,0.75,21.02,9.82,6.1,2284,78.8,0.517,2.938,2.484,0.473,2.736
28/07/2024,28/07/2024,1,21.02,9.82,6.1,2284,78.8,0.517,2.938,2.484,0.473,2.736
28/07/2024,28/07/2024,1.75,21.02,9.82,6.1,2284,78.8,0.517,2.938,2.484,0.473,2.736
28/07/2024,28/07/2024,0.75,21.02,9.82,6.1,2284,78.8,0.517,2.938,2.484,0.473,2.736
28/07/2024,29/07/2024,0.75,21.02,9.82,6.1,2284,78.8,0.517,2.938,2.484,0.473,2.736
29/07/2024,29/07/2024,1,20.4,12.42,6.88,1496.6,80,0.758,0.995,3.427,2.478,3.408
29/07/2024,29/07/2024,0.75,20.4,12.42,6.88,1496.6,80,0.758,0.995,3.427,2.478,3.408
29/07/2024,29/07/2024,2.75,20.4,12.42,6.88,1496.6,80,0.758,0.995,3.427,2.478,3.408
29/07/2024,29/07/2024,0.75,20.4,12.42,6.88,1496.6,80,0.758,0.995,3.427,2.478,3.408
29/07/2024,29/07/2024,0.75,20.4,12.42,6.88,1496.6,80,0.758,0.995,3.427,2.478,3.408
29/07/2024,29/07/2024,0.75,20.4,12.42,6.88,1496.6,80,0.758,0.995,3.427,2.478,3.408
29/07/2024,29/07/2024,0.75,20.4,12.42,6.88,1496.6,80,0.758,0.995,3.427,2.478,3.408
29/07/2024,29/07/2024,0.75,20.4,12.42,6.88,1496.6,80,0.758,0.995,3.427,2.478,3.408
29/07/2024,29/07/2024,0.75,20.4,12.42,6.88,1496.6,80,0.758,0.995,3.427,2.478,3.408
29/07/2024,30/07/2024,5.75,20.4,12.42,6.88,1496.6,80,0.758,0.995,3.427,2.478,3.408
30/07/2024,30/07/2024,0.75,20.64,11.08,4.64,2038.6,77.6,0.656,1.901,0.904,0.871,2.179
04/09/2024,04/09/2024,1,15.86,9.16,8.46,1210,80.8,3.817,3.449,4.742,3.6,3.871
04/09/2024,04/09/2024,0.75,15.86,9.16,8.46,1210,80.8,3.817,3.449,4.742,3.6,3.871
04/09/2024,04/09/2024,0.75,15.86,9.16,8.46,1210,80.8,3.817,3.449,4.742,3.6,3.871
04/09/2024,04/09/2024,1,15.86,9.16,8.46,1210,80.8,3.817,3.449,4.742,3.6,3.871
04/09/2024,04/09/2024,0.75,15.86,9.16,8.46,1210,80.8,3.817,3.449,4.742,3.6,3.871
04/09/2024,04/09/2024,0.75,15.86,9.16,8.46,1210,80.8,3.817,3.449,4.742,3.6,3.871
04/09/2024,04/09/2024,0.75,15.86,9.16,8.46,1210,80.8,3.817,3.449,4.742,3.6,3.871
